Post1,Post2,Post3,Post4,Post5,Post6,Post7,Post8,Post9,Post10,Post11,Post12,Post13,Post14,Post15,Post16,Post17,Post18,Post19,Post20,Post21,Post22,Post23,Post24,Post25
1,1,1,1,1,1,1,1,1,1,0,1,1,1,0,0,0,0,1,0,0,1,1,0,1
0,0,0,1,0,1,0,0,1,1,0,0,1,1,0,0,0,1,1,0,0,0,1,1,0
1,1,0,1,0,1,1,1,1,1,0,0,1,1,0,1,0,1,1,0,1,0,1,0,1
0,1,1,1,0,1,1,0,1,1,0,0,0,1,1,0,0,0,1,1,0,1,0,0,1
0,1,0,1,1,1,1,1,1,1,0,1,1,1,1,1,0,0,1,0,1,1,1,1,1
1,1,1,1,1,1,1,1,0,1,0,1,0,0,0,1,1,1,1,0,0,1,0,0,1
0,0,0,0,0,1,0,1,1,0,0,1,1,1,1,0,0,0,1,0,0,1,0,0,1
1,1,0,1,1,0,1,1,1,0,1,0,1,0,0,1,0,0,1,0,1,1,1,1,1
0,1,1,1,0,0,1,0,0,0,0,0,0,1,0,0,0,1,1,0,0,0,1,0,0
1,1,1,1,1,0,1,1,1,1,1,1,1,0,0,0,1,1,1,0,0,0,1,0,0
1,1,1,1,1,1,1,1,0,1,0,0,1,0,0,1,0,1,0,0,0,1,1,1,1
1,1,1,1,1,1,1,1,1,1,1,1,1,1,1,1,1,1,1,1,1,1,1,1,1
0,1,0,1,0,0,0,1,0,0,0,1,0,1,0,1,0,0,1,0,0,0,0,0,0
1,1,0,1,1,1,1,1,1,1,1,1,1,1,0,1,1,1,1,1,0,1,1,1,1
1,1,0,1,0,1,1,1,1,1,0,0,1,1,0,0,0,1,1,0,0,0,1,1,1
1,1,0,1,1,1,1,1,1,1,1,0,1,1,1,1,1,1,1,0,1,1,1,0,1
1,1,1,1,1,0,1,1,1,1,1,1,1,0,1,1,0,1,1,0,1,0,1,1,1
1,0,0,1,1,1,0,1,0,0,0,1,1,0,0,1,0,0,1,0,0,0,0,0,1
1,1,1,1,1,0,0,1,0,0,1,1,1,1,1,0,0,1,1,0,1,0,0,1,0
1,1,1,1,1,1,1,0,1,0,1,1,1,1,1,0,1,0,1,0,1,1,0,1,1
1,0,1,1,1,1,1,1,1,1,1,1,1,1,1,0,1,0,1,1,1,0,0,1,0
1,0,0,1,1,0,1,1,1,0,0,1,1,0,0,1,1,1,1,1,0,0,0,0,1
1,0,0,1,0,0,1,1,0,0,1,0,1,1,0,0,1,0,1,0,1,1,1,0,0
1,0,0,1,1,1,1,1,0,1,0,1,1,0,1,1,0,0,1,1,0,1,1,0,1
1,1,1,1,1,1,1,1,1,1,1,1,1,1,1,1,1,1,1,1,1,1,1,1,1
1,1,0,1,0,1,1,1,0,0,1,1,1,1,0,1,1,1,1,0,0,0,0,1,0
1,1,1,1,1,1,1,1,1,0,1,0,1,1,1,0,1,1,1,1,1,1,1,1,0
1,1,0,1,1,0,0,1,1,1,0,1,1,1,1,0,1,0,1,1,1,1,0,0,0
1,0,0,1,0,1,0,1,0,0,0,0,1,1,1,0,0,0,1,0,1,1,0,1,1
1,0,0,1,0,1,1,1,1,0,1,0,1,0,1,0,0,0,1,0,0,0,1,0,0
1,0,1,0,1,1,0,1,1,0,0,1,1,1,0,0,0,0,1,1,0,0,0,1,0
1,1,0,1,0,0,1,1,0,0,1,0,0,0,1,0,0,0,1,0,1,0,1,0,0
1,0,1,0,0,0,0,1,0,0,1,1,1,0,1,0,1,0,1,1,0,0,0,0,1
1,1,0,1,1,1,1,1,0,1,1,0,1,1,1,0,1,1,0,1,1,1,1,1,1
1,0,0,1,0,0,1,1,1,1,0,0,0,0,0,1,0,0,0,1,0,1,1,0,1
1,0,1,0,1,1,0,1,0,0,0,1,1,0,1,0,0,1,1,0,0,0,1,0,1
1,0,0,1,0,0,0,1,0,0,0,0,1,1,0,1,0,0,1,0,0,0,0,0,1
1,1,0,0,0,1,0,1,0,0,0,0,0,0,0,0,0,1,1,0,0,0,1,1,0
1,0,1,1,0,0,1,1,0,0,0,1,1,1,1,0,0,1,1,1,0,1,1,0,1
1,0,1,1,0,1,1,1,1,1,1,1,1,0,1,0,0,1,1,0,0,1,0,1,1
1,0,0,1,0,0,0,1,0,0,1,1,0,1,1,0,0,0,1,0,0,1,0,0,0
1,1,1,1,1,1,1,1,1,1,1,1,1,1,1,1,0,1,0,1,1,0,1,1,1
1,1,0,0,0,0,1,1,1,0,1,1,1,1,0,0,0,1,1,0,1,1,0,1,1
1,1,1,1,0,1,1,1,0,1,1,1,1,1,0,1,0,1,1,0,1,1,1,1,1
1,1,0,0,1,1,1,1,0,0,0,1,1,0,0,0,1,1,1,0,0,0,0,0,0
1,1,0,1,1,1,1,1,1,1,1,1,1,1,1,1,1,1,0,1,1,1,1,1,1
1,0,1,1,0,1,1,1,1,0,1,1,1,1,1,0,0,0,1,0,0,1,0,0,1
1,1,1,0,0,1,1,1,0,1,0,0,1,1,1,0,0,0,0,1,0,1,1,0,0
1,1,1,1,0,0,1,1,0,0,1,0,1,1,0,0,1,1,0,1,0,0,1,1,1
1,0,0,0,0,0,1,1,0,0,1,0,0,1,1,0,0,0,1,0,1,1,0,0,0
1,1,0,0,0,1,1,1,0,0,0,1,1,1,1,0,0,0,1,0,1,0,0,1,1
1,0,1,1,0,1,1,1,0,0,1,1,1,0,1,1,1,1,1,1,0,1,1,1,1
1,1,0,1,1,0,1,1,0,0,0,1,0,0,1,0,1,0,1,0,0,1,0,1,1
1,1,0,1,1,1,1,1,0,1,0,0,1,1,1,0,0,0,1,1,0,0,1,0,1
1,1,1,1,1,1,1,1,1,1,1,1,1,1,0,1,0,1,1,1,1,1,1,1,1
1,1,0,1,1,1,1,1,1,1,1,1,1,1,1,1,1,1,1,0,1,1,0,1,1
1,1,0,1,0,1,1,1,1,0,0,1,1,1,1,1,1,1,1,0,1,1,0,1,1
1,0,0,1,1,1,1,1,0,1,0,1,1,0,1,1,1,1,1,1,1,0,0,0,1
1,0,0,1,0,0,0,1,0,0,0,0,1,1,0,1,0,1,1,0,1,0,0,0,1
0,1,0,0,0,1,1,1,1,1,1,0,1,0,0,1,0,1,1,0,0,0,1,1,0
1,1,0,1,0,1,1,1,1,0,1,1,1,0,0,1,1,0,1,0,0,1,0,0,0
1,0,1,1,1,1,1,1,1,0,1,1,1,1,1,1,1,1,1,1,0,1,1,1,1
0,1,1,1,0,1,0,0,1,0,0,0,0,0,0,0,1,1,1,0,1,0,0,1,0
1,0,1,0,1,1,1,1,0,1,1,1,0,1,1,0,0,1,1,0,0,1,0,1,1
1,1,0,1,1,NA,1,1,1,1,0,1,1,1,1,1,0,1,1,1,1,1,1,1,1
1,0,0,1,0,1,1,1,0,0,1,0,0,1,1,0,1,1,1,0,1,1,0,1,1
1,1,1,1,1,1,1,1,0,0,1,1,1,1,1,1,1,1,1,1,1,1,1,NA,1
1,1,1,1,1,1,1,1,1,1,1,1,0,1,1,1,1,1,1,1,1,1,1,1,1
1,1,0,1,0,0,1,1,1,0,0,0,1,1,0,1,0,0,1,0,0,1,1,0,1
1,0,0,1,0,1,1,1,0,1,0,0,0,1,1,0,1,1,1,0,1,0,1,1,1
1,0,0,1,1,0,1,1,1,0,0,1,0,1,0,1,1,0,0,0,0,0,0,0,0
1,1,0,1,1,0,1,1,1,0,1,0,1,0,1,0,1,1,1,1,1,1,1,1,0
1,1,1,1,1,1,1,1,0,1,1,1,0,1,1,1,1,1,1,1,1,1,1,1,1
1,1,0,1,1,1,1,1,0,0,0,0,1,0,1,1,1,0,1,1,0,1,0,0,0
1,1,1,1,1,1,1,1,1,1,1,1,0,1,1,1,1,1,1,1,1,1,1,0,1
1,1,1,1,1,1,1,1,1,0,1,0,1,1,0,0,1,0,1,1,1,0,0,0,0
1,1,0,1,0,0,1,1,1,0,0,0,1,1,1,1,1,1,1,0,1,1,0,1,0
1,1,0,0,1,1,0,1,0,1,0,0,1,1,1,1,1,0,1,1,1,1,1,0,1
1,1,0,0,0,1,1,1,0,0,1,1,1,1,0,0,1,0,1,0,0,1,0,0,1
1,1,1,1,1,1,1,1,1,1,1,1,0,1,0,1,1,1,1,1,1,0,0,0,0
1,1,0,0,0,0,0,1,1,1,0,0,1,1,1,0,1,0,1,0,0,1,0,0,1
1,1,1,1,0,0,1,1,1,0,1,0,0,0,0,0,1,0,1,0,0,1,1,1,0
1,1,1,1,0,1,1,1,0,0,1,0,1,1,1,0,1,0,1,1,1,1,1,0,0
1,1,1,1,1,1,1,1,0,1,1,1,0,1,0,0,0,0,0,1,0,1,1,1,1
1,1,1,1,0,1,1,1,0,1,1,1,1,1,1,1,1,1,0,1,0,0,1,1,0
1,1,1,1,0,0,1,1,0,0,0,0,1,0,1,1,0,0,1,0,0,0,0,0,1
1,1,0,1,0,1,1,1,0,1,1,0,1,1,1,1,1,1,1,1,1,1,1,1,1
1,0,0,1,0,0,1,1,0,0,1,1,1,0,1,1,1,0,1,1,1,1,1,0,0
1,1,0,1,1,0,1,1,1,0,1,0,1,1,1,0,1,1,1,1,1,1,1,1,0
1,0,0,1,1,0,1,1,0,1,0,0,1,1,0,1,1,0,1,1,0,1,0,0,0
1,1,0,0,1,0,1,1,0,1,0,0,1,1,1,0,0,0,1,0,1,0,1,0,0
0,1,1,0,1,1,1,1,1,0,0,1,1,1,0,0,1,0,1,0,1,1,1,1,1
1,0,0,1,0,1,1,1,1,1,0,1,1,1,1,0,1,0,1,0,1,1,1,1,0
1,1,0,1,1,1,1,1,1,1,1,1,1,0,0,0,0,0,0,1,1,0,1,0,1
NA,NA,NA,NA,NA,NA,NA,NA,NA,NA,NA,NA,NA,NA,NA,NA,NA,NA,NA,NA,NA,NA,NA,NA,NA
1,1,0,1,1,1,1,1,1,1,1,0,1,1,1,0,1,0,1,0,0,1,1,1,1
1,0,0,1,1,0,1,1,0,0,0,1,0,1,0,0,1,1,0,0,1,1,0,0,1
1,1,0,1,1,0,1,1,0,0,1,1,1,1,0,1,1,1,0,1,1,1,0,1,1
1,1,0,1,0,1,1,1,0,0,1,1,1,1,0,1,0,1,1,0,1,0,0,0,1
1,1,1,0,1,1,1,0,0,0,1,0,1,1,0,0,1,0,1,1,0,0,0,0,0
1,0,1,1,1,1,1,1,1,0,0,0,1,1,0,1,1,1,1,0,0,0,0,1,1
1,1,1,0,0,0,0,1,0,0,0,0,1,0,0,1,0,0,0,0,0,0,0,0,0
0,1,0,0,0,1,0,1,1,0,0,1,1,1,0,1,0,1,1,0,0,0,0,0,0
1,1,1,1,0,0,1,1,0,0,0,0,1,1,0,0,1,0,1,0,0,0,0,0,0
1,1,1,1,1,0,1,1,1,0,0,0,1,0,1,1,1,1,1,1,0,0,0,1,1
1,1,1,1,1,1,1,1,1,0,1,0,1,1,1,1,1,1,0,0,1,0,0,1,1
0,1,0,0,0,1,1,1,1,0,1,1,0,0,0,1,1,1,1,0,1,0,1,0,0
1,1,0,1,1,1,1,1,1,0,1,0,1,0,1,1,1,0,1,0,0,1,1,0,0
1,0,1,0,1,0,1,1,0,0,1,1,1,1,0,1,0,0,1,1,0,0,1,1,0
1,1,0,1,1,0,0,1,0,0,0,1,0,1,0,0,0,1,1,1,0,1,1,0,0
1,1,0,1,1,1,1,1,1,1,1,1,1,0,1,1,0,1,0,0,1,0,1,1,1
1,1,0,1,1,1,1,1,1,1,1,1,1,1,1,1,0,1,0,1,1,1,1,1,1
1,1,0,1,1,1,1,1,0,0,1,1,1,1,0,1,1,0,1,0,1,1,0,1,1
1,0,1,1,1,1,1,1,1,0,1,0,1,1,0,0,1,1,0,0,0,0,0,1,1
1,1,0,1,1,1,1,1,1,1,0,1,1,1,1,1,0,1,1,1,1,1,1,1,1
1,1,0,1,1,1,1,1,1,0,0,0,1,0,1,0,1,0,1,0,0,1,0,1,1
1,1,0,0,0,0,1,1,0,0,0,0,1,1,1,0,1,0,1,1,0,1,0,1,1
1,1,1,1,0,0,1,1,0,1,0,1,1,1,0,1,1,0,1,0,1,1,0,0,1
1,1,1,1,1,1,1,1,1,1,1,1,0,1,1,1,1,1,1,1,1,1,1,1,1
1,1,1,1,1,1,1,1,0,0,1,0,1,1,1,0,0,1,1,1,1,1,1,1,1
1,1,0,1,1,0,1,1,0,0,0,1,1,1,1,0,1,0,1,0,0,1,0,1,1
1,1,0,0,1,0,1,1,0,0,0,1,1,1,0,0,1,0,1,0,1,1,1,0,1
1,1,0,1,0,1,0,1,0,1,0,1,1,1,1,1,1,1,0,0,1,0,1,0,1
1,1,0,1,1,1,1,1,1,0,1,1,1,1,1,1,1,1,1,0,0,1,1,0,1
1,1,0,0,0,1,0,1,1,1,0,0,1,1,NA,0,0,0,1,0,0,0,1,0,1
1,0,0,0,1,0,0,1,0,0,0,1,1,1,1,0,1,1,1,0,0,0,0,0,0
1,0,0,1,0,1,1,1,0,1,0,0,0,1,0,0,1,0,1,0,0,1,0,1,0
1,1,0,1,1,1,0,1,0,1,1,1,0,0,0,1,0,0,1,0,0,1,1,0,1
1,1,1,1,0,1,1,0,0,0,1,0,1,1,1,0,1,0,0,1,0,1,0,1,0
1,0,0,1,1,1,1,0,1,0,1,1,1,1,0,0,0,1,1,1,0,0,1,1,0
1,1,0,1,1,0,1,1,1,1,1,1,1,1,0,1,0,1,0,1,1,0,1,0,1
NA,NA,NA,NA,NA,NA,NA,NA,NA,NA,NA,NA,NA,NA,NA,NA,NA,NA,NA,NA,NA,NA,NA,NA,NA
1,0,0,1,1,0,1,1,1,0,1,0,1,1,1,0,0,0,1,1,1,1,1,1,1
1,1,1,1,1,1,1,1,1,1,1,0,1,1,1,1,0,1,1,0,1,0,1,1,1
0,1,1,1,1,1,1,1,1,0,1,1,1,1,1,1,1,0,1,1,1,1,1,1,1
0,1,0,1,0,1,0,1,0,1,0,0,0,0,0,1,1,0,1,0,1,1,1,0,0
0,1,0,1,0,1,0,1,1,1,1,1,1,0,0,0,1,1,1,1,1,0,1,1,0
1,1,1,1,1,1,1,1,1,1,1,1,1,1,1,1,1,1,0,0,1,1,0,1,0
0,1,0,0,0,1,1,1,0,0,0,0,1,0,0,0,0,0,1,0,0,0,0,0,1
1,1,1,0,0,0,0,1,0,0,1,0,1,0,0,0,1,0,1,0,0,1,0,0,0
1,1,0,1,0,1,0,1,1,0,1,0,0,1,0,0,0,0,1,0,0,0,0,1,0
1,1,1,1,1,1,1,1,0,1,1,1,1,1,0,1,1,1,1,0,1,1,1,1,0
1,1,1,1,1,1,1,1,1,1,0,1,1,1,0,0,0,1,1,1,1,0,1,1,1
1,1,1,0,0,1,1,1,0,1,1,1,1,0,1,0,0,1,1,1,0,0,1,1,0
0,1,1,1,1,0,0,1,0,0,0,0,1,0,0,0,0,1,0,0,0,1,0,0,0
0,1,0,1,0,1,1,1,1,1,NA,NA,1,0,0,0,1,0,1,0,0,0,0,0,0
0,0,0,1,1,0,1,1,1,0,1,1,1,0,0,0,0,0,1,0,0,1,1,0,0
0,0,0,1,0,1,1,0,0,1,0,1,0,0,0,0,0,0,1,0,0,1,1,1,0
1,1,1,1,1,1,1,1,0,0,0,1,1,0,0,1,0,0,1,0,1,1,1,1,1
1,1,0,1,1,0,0,1,1,0,0,1,1,0,0,0,0,0,1,0,0,0,1,0,1
1,0,0,1,1,1,1,1,1,1,1,1,1,1,1,0,0,0,1,0,1,0,1,1,1
1,1,0,1,1,0,0,1,1,0,0,0,1,1,0,1,1,1,1,1,0,0,0,0,0
0,1,0,0,0,0,0,1,0,0,0,1,0,0,0,0,0,0,0,1,0,0,1,0,0
1,1,0,1,1,1,1,1,0,1,1,1,1,1,0,1,1,1,1,0,1,1,1,1,1
1,1,0,1,1,1,1,1,1,1,1,1,1,1,0,1,1,1,0,1,1,0,1,1,1
1,1,1,1,1,1,1,1,1,1,1,0,1,1,0,0,0,1,1,0,0,0,1,1,1
NA,NA,NA,NA,NA,NA,NA,NA,NA,NA,NA,NA,NA,NA,NA,NA,NA,NA,NA,NA,NA,NA,NA,NA,NA
1,1,1,1,1,1,1,1,1,0,1,1,1,1,0,1,1,0,0,1,1,1,1,1,0
1,1,1,0,1,0,0,1,0,0,1,1,1,1,1,1,1,1,1,0,1,0,1,0,1
NA,NA,NA,NA,NA,NA,NA,NA,NA,NA,NA,NA,NA,NA,NA,NA,NA,NA,NA,NA,NA,NA,NA,NA,NA
1,1,1,1,1,1,1,1,0,1,1,1,1,1,0,1,1,1,1,0,1,1,1,1,0
0,1,0,0,0,0,1,1,0,1,1,1,1,1,0,0,0,1,0,0,1,1,0,1,1
0,1,0,1,0,0,1,1,1,0,0,0,1,0,0,0,0,1,1,0,1,0,1,0,0
1,1,0,1,0,1,1,1,0,0,0,1,0,1,0,1,1,0,1,0,0,0,1,0,0
1,1,1,1,0,1,1,1,0,0,1,1,0,1,0,1,1,1,1,1,1,1,1,0,1
1,1,1,1,1,1,1,1,1,1,1,0,1,1,0,1,0,1,0,1,1,1,1,1,1
NA,NA,NA,NA,NA,NA,NA,NA,NA,NA,NA,NA,NA,NA,NA,NA,NA,NA,NA,NA,NA,NA,NA,NA,NA
0,1,0,1,1,1,1,1,1,1,1,1,1,1,0,0,0,1,1,1,0,0,1,0,1
1,1,1,1,1,1,1,1,1,1,1,1,1,1,0,1,1,1,0,1,1,1,1,1,0
1,1,0,1,0,1,1,1,0,1,1,0,1,0,0,0,0,0,0,1,1,0,1,1,1
0,0,1,0,1,1,1,0,0,0,0,0,0,1,0,1,1,0,0,0,0,0,0,1,0
1,1,1,1,1,1,1,1,1,1,1,0,1,1,0,0,1,1,1,0,1,1,1,0,1
1,1,1,1,1,1,1,1,1,0,1,1,1,1,1,1,1,1,1,0,1,1,1,1,0
1,1,1,1,1,1,1,1,1,0,1,1,1,1,0,0,1,1,0,1,1,1,1,1,1
NA,NA,NA,NA,NA,NA,NA,NA,NA,NA,NA,NA,NA,NA,NA,NA,NA,NA,NA,NA,NA,NA,NA,NA,NA
1,1,1,1,1,1,1,1,1,1,1,1,1,1,0,0,1,1,0,1,1,0,1,1,1
1,1,0,1,1,1,1,1,1,1,1,1,1,1,0,1,0,1,1,1,1,1,1,0,1
NA,NA,NA,NA,NA,NA,NA,NA,NA,NA,NA,NA,NA,NA,NA,NA,NA,NA,NA,NA,NA,NA,NA,NA,NA
1,1,0,1,0,1,1,0,0,1,0,0,1,1,0,0,0,0,1,0,1,0,1,1,0
1,1,1,1,0,1,1,1,0,1,0,1,1,1,0,1,0,1,1,1,1,1,1,1,1
1,1,0,1,0,1,1,1,0,1,1,1,1,1,0,0,1,0,1,1,1,0,1,0,0
1,1,1,1,1,1,0,1,0,1,1,1,1,1,1,1,0,1,1,1,1,0,1,0,1
0,0,1,0,0,0,1,1,0,1,1,0,1,0,0,0,1,1,1,0,0,0,1,1,0
1,1,0,1,1,1,1,1,0,0,1,1,1,1,0,1,1,1,1,1,1,1,1,1,1
1,1,0,1,1,1,1,1,0,1,1,1,1,1,0,1,1,1,1,1,1,0,1,1,1
1,1,1,1,1,1,1,1,1,1,1,1,1,1,0,1,1,1,1,1,1,1,1,1,1
0,1,1,1,1,1,1,1,0,0,1,1,1,1,0,0,1,1,1,1,1,0,1,0,1
NA,NA,NA,NA,NA,NA,NA,NA,NA,NA,NA,NA,NA,NA,NA,NA,NA,NA,NA,NA,NA,NA,NA,NA,NA
0,1,1,0,0,0,0,0,0,0,0,0,0,1,0,1,0,0,1,1,1,0,0,0,1
NA,NA,NA,NA,NA,NA,NA,NA,NA,NA,NA,NA,NA,NA,NA,NA,NA,NA,NA,NA,NA,NA,NA,NA,NA
1,1,0,1,1,1,1,1,1,1,1,1,1,1,0,1,1,1,1,0,1,0,0,1,1
0,1,1,1,1,1,1,1,1,1,1,1,1,1,1,1,1,1,1,0,1,0,1,0,1
NA,NA,NA,NA,NA,NA,NA,NA,NA,NA,NA,NA,NA,NA,NA,NA,NA,NA,NA,NA,NA,NA,NA,NA,NA
1,1,0,1,1,1,1,1,1,1,1,1,1,1,0,1,1,1,0,0,1,1,1,1,1
NA,NA,NA,NA,NA,NA,NA,NA,NA,NA,NA,NA,NA,NA,NA,NA,NA,NA,NA,NA,NA,NA,NA,NA,NA
1,1,0,1,1,1,1,1,1,1,1,1,1,1,0,1,1,1,1,1,1,1,1,0,1
1,1,0,1,1,1,1,1,1,1,1,1,1,1,1,1,1,1,1,1,1,1,1,1,1
1,1,0,1,1,1,1,1,1,1,1,1,1,1,0,1,1,1,1,1,1,0,1,0,1
NA,NA,NA,NA,NA,NA,NA,NA,NA,NA,NA,NA,NA,NA,NA,NA,NA,NA,NA,NA,NA,NA,NA,NA,NA
NA,NA,NA,NA,NA,NA,NA,NA,NA,NA,NA,NA,NA,NA,NA,NA,NA,NA,NA,NA,NA,NA,NA,NA,NA
1,1,1,1,1,1,1,1,1,1,1,0,1,1,0,1,0,1,0,1,1,1,1,1,0
NA,NA,NA,NA,NA,NA,NA,NA,NA,NA,NA,NA,NA,NA,NA,NA,NA,NA,NA,NA,NA,NA,NA,NA,NA
1,1,0,1,1,1,1,1,0,1,1,1,1,1,0,1,1,1,1,0,1,0,0,1,1
1,1,0,1,1,1,1,1,1,1,1,1,1,1,1,1,1,1,0,1,1,1,1,1,1
NA,NA,NA,NA,NA,NA,NA,NA,NA,NA,NA,NA,NA,NA,NA,NA,NA,NA,NA,NA,NA,NA,NA,NA,NA
NA,NA,NA,NA,NA,NA,NA,NA,NA,NA,NA,NA,NA,NA,NA,NA,NA,NA,NA,NA,NA,NA,NA,NA,NA
1,0,0,1,0,0,1,1,0,1,1,1,1,1,1,0,1,1,0,1,1,1,1,1,1
1,1,1,1,1,1,1,1,0,1,1,0,1,1,0,1,0,1,1,1,1,0,1,1,1
1,1,1,1,1,0,1,1,1,1,1,1,1,1,1,1,1,1,1,1,1,1,1,1,1
1,1,0,1,0,1,1,1,0,1,0,0,1,0,1,1,1,1,1,1,1,1,1,1,1
1,1,0,1,1,1,1,1,0,1,1,1,1,1,0,1,1,1,1,1,1,0,1,0,0
1,1,0,0,1,1,1,1,1,1,1,1,1,1,0,1,1,1,1,1,1,1,1,1,1
0,1,1,1,0,1,1,1,0,1,1,0,1,0,0,0,1,1,1,0,1,0,1,1,1
1,1,1,1,1,1,1,1,1,1,1,1,1,1,1,1,1,1,1,1,1,1,1,1,1
1,1,1,1,1,1,1,0,1,1,0,1,1,1,0,0,1,1,1,1,0,1,1,1,1
NA,NA,NA,NA,NA,NA,NA,NA,NA,NA,NA,NA,NA,NA,NA,NA,NA,NA,NA,NA,NA,NA,NA,NA,NA
1,1,1,1,0,1,1,1,1,1,1,1,1,1,1,1,1,0,0,1,1,0,1,0,1
1,1,1,1,1,1,0,1,1,1,1,1,0,1,0,1,0,1,0,1,1,1,1,0,1
0,1,0,1,0,1,1,1,1,1,1,0,1,1,0,0,0,1,1,0,1,0,1,1,1
1,0,0,1,1,1,1,1,1,1,1,1,1,1,1,0,0,1,1,0,1,0,0,1,1
NA,NA,NA,NA,NA,NA,NA,NA,NA,NA,NA,NA,NA,NA,NA,NA,NA,NA,NA,NA,NA,NA,NA,NA,NA
1,1,1,1,1,1,1,1,1,1,1,1,1,0,0,1,1,1,1,1,1,1,0,1,1
1,1,1,0,1,1,1,1,1,1,1,1,1,1,0,0,1,1,0,1,1,0,1,1,1
1,1,0,1,1,1,1,1,1,0,1,1,1,0,0,0,1,1,1,1,0,0,1,0,1
NA,NA,NA,NA,NA,NA,NA,NA,NA,NA,NA,NA,NA,NA,NA,NA,NA,NA,NA,NA,NA,NA,NA,NA,NA
1,1,0,1,1,1,1,1,1,1,1,1,1,1,1,1,1,1,1,1,1,0,1,1,1
0,1,1,1,1,1,0,1,0,0,0,0,1,1,0,0,0,1,1,0,1,1,0,1,1
NA,NA,NA,NA,NA,NA,NA,NA,NA,NA,NA,NA,NA,NA,NA,NA,NA,NA,NA,NA,NA,NA,NA,NA,NA
1,1,0,1,0,1,1,1,0,1,1,1,1,1,0,1,1,1,0,1,1,0,0,1,1
1,1,0,1,1,1,1,1,0,1,0,0,1,0,0,1,0,0,1,1,1,1,1,1,1
1,1,0,1,0,1,1,1,1,1,1,1,1,1,0,1,0,0,1,1,0,0,1,1,1
1,1,1,1,1,1,1,1,1,1,1,1,1,1,0,1,0,0,1,1,0,1,1,1,1
1,1,0,0,1,1,1,1,1,1,0,1,1,1,1,1,1,0,1,1,0,1,1,0,0
NA,NA,NA,NA,NA,NA,NA,NA,NA,NA,NA,NA,NA,NA,NA,NA,NA,NA,NA,NA,NA,NA,NA,NA,NA
1,1,0,1,1,1,0,1,1,1,0,1,1,1,0,0,1,1,0,1,1,0,1,0,1
NA,NA,NA,NA,NA,NA,NA,NA,NA,NA,NA,NA,NA,NA,NA,NA,NA,NA,NA,NA,NA,NA,NA,NA,NA
0,1,1,1,0,1,1,0,0,1,1,1,1,1,1,0,0,1,1,1,1,0,1,0,1
1,0,0,1,1,0,1,1,1,1,1,1,0,1,1,1,1,1,0,1,1,1,1,0,1
0,1,0,0,0,1,0,1,0,1,1,0,1,1,0,0,0,1,1,0,0,0,1,0,1
1,1,0,1,0,0,1,1,0,0,0,1,1,1,0,1,0,0,1,1,0,0,0,1,1
1,1,1,1,0,1,1,1,1,1,1,1,1,1,0,1,1,1,1,1,1,0,1,0,1
1,1,1,1,1,1,1,1,1,1,1,1,1,1,0,0,1,1,0,0,0,0,1,1,1
0,1,0,0,0,1,0,0,0,0,1,1,1,1,1,1,1,1,1,0,1,0,1,0,1
1,1,1,1,1,1,1,1,0,0,1,1,1,1,0,1,1,1,1,1,1,0,1,1,1
0,1,1,1,1,1,1,1,1,1,0,1,1,1,0,1,0,0,0,1,1,0,1,0,1
1,1,0,1,1,1,1,1,0,1,1,1,1,0,0,1,0,1,1,0,1,1,1,1,1
1,1,1,1,1,1,1,1,1,1,1,1,1,1,0,1,1,1,1,1,1,1,0,1,1
NA,NA,NA,NA,NA,NA,NA,NA,NA,NA,NA,NA,NA,NA,NA,NA,NA,NA,NA,NA,NA,NA,NA,NA,NA
1,0,1,1,1,0,1,1,0,1,1,0,1,0,0,1,0,1,1,1,0,1,0,1,0
NA,NA,NA,NA,NA,NA,NA,NA,NA,NA,NA,NA,NA,NA,NA,NA,NA,NA,NA,NA,NA,NA,NA,NA,NA
1,1,0,1,1,1,1,1,1,1,1,1,1,1,0,1,0,1,0,1,1,0,1,0,1
1,1,1,1,1,1,1,1,1,1,0,1,1,1,1,1,1,1,1,1,1,1,1,1,1
0,1,0,1,1,1,1,1,1,0,1,1,1,0,1,0,1,1,1,1,0,0,0,1,0
NA,NA,NA,NA,NA,NA,NA,NA,NA,NA,NA,NA,NA,NA,NA,NA,NA,NA,NA,NA,NA,NA,NA,NA,NA
0,0,0,0,0,1,0,0,0,1,0,0,0,1,0,0,1,1,1,0,0,0,1,0,1
0,0,1,1,0,1,1,1,0,1,0,0,1,0,0,1,0,0,1,0,0,0,0,0,0
1,1,0,1,1,1,1,1,0,1,0,1,1,1,1,1,1,0,1,1,1,1,1,1,0
1,1,1,1,1,0,1,0,1,1,1,0,1,1,0,0,1,0,0,1,1,1,1,1,1
1,1,1,1,1,1,1,1,1,1,1,1,1,1,0,1,1,1,1,1,1,1,1,1,1
0,1,1,1,0,1,0,1,0,0,1,0,1,1,0,0,0,1,1,1,1,1,0,1,1
1,0,1,1,0,1,1,1,0,0,1,1,0,1,0,0,0,1,1,0,1,0,1,1,1
1,1,1,0,0,0,0,1,0,1,0,1,1,0,0,1,0,1,1,0,1,1,0,1,0
NA,NA,NA,NA,NA,NA,NA,NA,NA,NA,NA,NA,NA,NA,NA,NA,NA,NA,NA,NA,NA,NA,NA,NA,NA
1,1,1,0,1,1,1,1,1,1,1,1,1,1,1,1,1,1,1,1,1,0,1,1,1
1,1,0,1,1,1,1,1,0,1,1,1,1,0,0,1,1,1,1,1,1,1,1,1,1
1,1,0,1,1,1,1,1,0,1,0,1,1,0,0,0,1,1,1,0,1,1,1,1,1
1,1,0,1,1,0,1,1,0,1,0,0,1,1,0,0,1,0,1,0,1,1,0,0,0
1,1,0,1,1,0,0,1,0,1,0,0,1,1,0,1,1,1,1,0,1,1,1,0,1
1,1,1,1,1,0,1,1,1,0,1,0,1,1,1,1,1,1,1,0,1,1,1,1,1
1,1,1,0,0,1,1,1,0,1,1,1,1,0,0,1,1,0,1,1,1,1,1,1,0
1,0,0,1,1,1,1,1,1,1,1,1,0,0,0,0,1,1,1,0,1,0,1,1,1
1,1,0,1,0,0,1,1,0,0,0,1,1,1,0,0,0,1,0,1,1,0,0,1,0
1,1,0,1,0,0,1,1,1,1,1,1,1,1,0,0,0,1,0,1,1,0,0,1,1
1,1,1,0,0,1,1,1,1,1,1,1,1,1,0,1,1,1,0,0,1,1,1,1,1
0,1,0,1,0,1,1,0,1,1,1,1,1,1,1,1,1,1,1,1,1,1,1,0,1
1,1,0,1,1,1,1,1,0,1,1,1,1,1,0,1,0,1,1,1,1,0,0,0,1
1,1,1,1,1,1,1,1,1,1,1,1,1,1,0,0,1,1,0,1,1,0,1,1,1
1,1,1,0,0,1,1,1,1,0,1,1,1,1,0,1,1,1,1,1,1,1,0,1,1
1,1,1,1,1,1,1,1,1,1,1,1,1,1,1,1,1,1,1,1,1,0,1,1,1
NA,NA,NA,NA,NA,NA,NA,NA,NA,NA,NA,NA,NA,NA,NA,NA,NA,NA,NA,NA,NA,NA,NA,NA,NA
1,1,1,1,1,1,1,1,1,1,1,1,1,1,1,1,1,1,1,1,1,1,1,1,1
NA,NA,NA,NA,NA,NA,NA,NA,NA,NA,NA,NA,NA,NA,NA,NA,NA,NA,NA,NA,NA,NA,NA,NA,NA
0,1,1,1,0,1,0,0,0,1,1,1,1,0,0,0,1,1,1,0,0,0,1,1,1
1,1,1,1,1,1,1,1,1,0,1,0,1,1,0,1,1,1,1,1,1,1,0,0,1
0,1,0,0,0,1,1,1,1,1,1,0,1,1,0,0,1,1,1,0,1,0,1,1,1
NA,NA,NA,NA,NA,NA,NA,NA,NA,NA,NA,NA,NA,NA,NA,NA,NA,NA,NA,NA,NA,NA,NA,NA,NA
0,1,1,1,1,1,1,1,1,1,1,1,1,0,0,1,1,1,1,1,1,1,1,1,1
NA,NA,NA,NA,NA,NA,NA,NA,NA,NA,NA,NA,NA,NA,NA,NA,NA,NA,NA,NA,NA,NA,NA,NA,NA
1,1,1,1,1,1,1,1,0,1,0,0,0,1,1,1,1,1,1,1,0,0,1,1,0
1,1,0,1,0,1,1,1,0,1,0,1,1,1,0,0,1,1,1,1,1,1,0,1,1
0,1,0,1,1,1,1,0,0,1,1,1,1,1,0,1,1,1,0,1,1,0,1,1,1
1,0,0,1,1,0,1,1,0,1,1,1,1,1,0,1,1,1,1,1,1,0,1,1,0
NA,NA,NA,NA,NA,NA,NA,NA,NA,NA,NA,NA,NA,NA,NA,NA,NA,NA,NA,NA,NA,NA,NA,NA,NA
1,1,0,1,0,1,1,1,1,0,1,0,1,1,0,1,0,1,1,0,0,1,1,1,1
1,1,0,0,1,1,1,1,0,1,1,1,1,0,0,1,1,1,1,1,1,1,1,1,0
0,1,1,0,0,1,0,1,0,1,0,1,1,0,1,1,1,0,1,0,0,0,0,0,0
1,1,1,0,0,1,0,1,0,0,0,0,1,1,0,1,0,0,1,0,0,0,1,1,1
NA,NA,NA,NA,NA,NA,NA,NA,NA,NA,NA,NA,NA,NA,NA,NA,NA,NA,NA,NA,NA,NA,NA,NA,NA
1,0,1,0,0,1,1,1,0,1,1,1,1,1,0,0,0,1,1,1,1,0,1,1,0
0,1,1,1,1,1,0,1,1,0,1,1,0,0,0,0,0,1,0,1,1,0,0,0,1
1,1,1,1,0,1,1,1,0,1,1,1,1,0,1,0,1,1,1,1,1,1,1,0,1
1,1,1,1,1,1,1,1,1,1,1,1,1,1,0,1,1,1,0,1,1,1,1,1,0
1,0,0,1,1,1,1,1,1,1,1,1,1,1,1,0,1,1,0,0,1,0,1,0,1
0,1,0,1,1,1,1,0,0,1,1,1,1,1,0,0,0,0,0,1,1,1,1,0,1
1,1,1,1,0,1,1,1,1,1,1,1,1,1,1,1,1,0,1,1,1,1,1,1,1
1,1,0,1,0,1,1,1,1,1,1,1,1,1,0,0,1,1,1,0,1,0,1,1,1
NA,NA,NA,NA,NA,NA,NA,NA,NA,NA,NA,NA,NA,NA,NA,NA,NA,NA,NA,NA,NA,NA,NA,NA,NA
NA,NA,NA,NA,NA,NA,NA,NA,NA,NA,NA,NA,NA,NA,NA,NA,NA,NA,NA,NA,NA,NA,NA,NA,NA
NA,NA,NA,NA,NA,NA,NA,NA,NA,NA,NA,NA,NA,NA,NA,NA,NA,NA,NA,NA,NA,NA,NA,NA,NA
NA,NA,NA,NA,NA,NA,NA,NA,NA,NA,NA,NA,NA,NA,NA,NA,NA,NA,NA,NA,NA,NA,NA,NA,NA
1,1,1,1,0,0,1,1,0,0,0,1,0,1,0,1,0,1,1,0,1,1,0,0,0
NA,NA,NA,NA,NA,NA,NA,NA,NA,NA,NA,NA,NA,NA,NA,NA,NA,NA,NA,NA,NA,NA,NA,NA,NA
0,0,1,1,0,1,1,1,1,1,0,1,1,1,1,1,1,1,1,0,1,1,1,1,1
1,0,1,1,1,1,1,1,1,1,0,1,1,1,1,1,1,1,1,0,1,1,1,1,1
1,1,1,1,1,1,1,1,1,1,1,1,1,1,1,1,1,1,1,0,1,0,0,1,1
1,1,1,1,1,1,1,1,1,1,1,1,1,1,0,1,0,1,1,0,1,1,0,1,1
NA,NA,NA,NA,NA,NA,NA,NA,NA,NA,NA,NA,NA,NA,NA,NA,NA,NA,NA,NA,NA,NA,NA,NA,NA
1,1,0,1,0,1,1,1,0,0,1,1,1,1,1,1,1,0,1,1,1,1,NA,1,1
1,1,0,0,0,0,1,1,1,1,0,0,1,0,0,1,1,0,1,0,1,0,1,1,0
0,1,1,1,0,0,1,1,1,1,1,1,1,1,1,0,0,0,0,0,0,0,1,0,1
1,1,1,0,1,1,0,1,0,1,1,1,0,0,1,1,1,1,1,0,0,0,0,1,1
1,1,1,1,1,1,1,1,1,0,0,1,1,1,1,1,1,0,1,0,1,1,1,0,0
1,1,0,1,1,1,1,1,1,0,1,1,1,1,1,1,1,1,0,1,1,0,1,1,0
1,1,0,1,1,0,1,1,1,0,1,1,1,1,1,1,1,1,1,0,1,1,0,1,1
1,1,1,NA,1,1,1,1,0,1,1,1,1,1,1,0,1,NA,NA,NA,NA,NA,NA,NA,NA
1,1,1,0,1,1,1,1,1,1,1,1,1,1,0,1,0,1,1,0,1,1,0,1,1
1,1,1,1,1,1,1,1,0,0,1,1,1,1,1,1,0,1,1,1,1,1,1,1,1
0,1,1,1,0,1,0,1,1,1,0,0,1,NA,1,0,0,1,1,0,1,0,0,0,0
1,1,1,1,1,NA,1,1,1,1,1,0,1,1,0,1,1,0,1,1,1,0,0,1,1
1,1,0,1,0,0,1,1,1,0,0,1,1,1,1,1,1,1,1,0,1,0,0,1,1
1,1,0,1,1,0,0,1,1,1,0,0,1,1,1,1,0,1,1,0,0,0,1,1,1
1,1,0,1,1,1,1,1,1,1,1,0,1,0,1,1,1,1,0,1,1,1,1,1,1
1,1,1,1,1,1,1,1,1,0,1,1,1,1,1,1,1,1,1,1,1,1,0,1,1
1,1,0,1,1,1,1,1,1,1,1,0,1,1,0,1,1,1,0,0,1,1,1,1,1
NA,NA,NA,NA,NA,NA,NA,NA,NA,NA,NA,NA,NA,NA,NA,NA,NA,NA,NA,NA,NA,NA,NA,NA,NA
1,1,1,1,1,1,0,1,0,0,0,1,1,1,1,1,1,1,1,0,1,1,0,1,1
0,1,1,1,1,0,1,1,0,0,1,1,1,1,0,0,0,0,0,0,0,1,1,1,1
1,1,1,1,0,1,1,1,0,1,1,1,1,1,0,1,1,1,1,1,1,0,0,1,1
1,1,1,1,0,1,1,1,0,1,1,1,1,1,1,1,1,1,1,1,1,1,1,1,1
1,1,1,1,1,1,1,1,0,1,1,1,1,1,1,1,1,1,1,1,1,0,1,1,NA
NA,NA,NA,NA,NA,NA,NA,NA,NA,NA,NA,NA,NA,NA,NA,NA,NA,NA,NA,NA,NA,NA,NA,NA,NA
0,0,0,0,0,1,0,1,1,1,0,1,0,1,1,1,0,0,1,0,1,0,0,0,1
1,1,1,1,1,1,1,1,1,1,1,1,0,1,1,1,1,1,1,0,1,1,1,1,1
1,1,0,1,1,1,1,1,1,1,1,0,1,1,1,1,0,1,1,0,1,1,0,1,1
1,1,1,0,1,1,1,1,1,1,1,0,1,1,1,1,1,1,1,1,1,0,1,1,1
1,1,0,1,1,0,1,1,1,1,1,1,1,1,1,1,0,1,1,0,0,1,0,1,1
1,1,1,1,1,1,1,1,1,1,1,1,1,0,1,1,1,1,1,0,1,0,0,0,1
1,1,1,1,1,1,1,1,0,0,0,1,1,1,0,1,1,1,1,0,1,0,0,1,1
1,1,0,1,1,1,1,1,1,1,1,1,1,1,0,1,1,1,1,0,1,0,1,1,1
1,1,1,1,1,1,1,1,1,1,1,1,1,1,1,1,1,1,1,1,1,1,1,1,1
1,1,0,1,1,1,1,1,0,1,1,0,1,1,0,0,1,0,0,1,0,0,1,1,1
1,0,1,1,0,1,1,1,0,1,1,0,1,1,1,1,0,0,1,0,0,1,1,1,1
1,1,1,0,1,0,1,1,1,1,0,1,1,1,0,1,1,1,1,0,0,1,1,1,1
1,1,1,1,1,0,1,1,1,0,1,1,1,1,0,1,1,1,1,0,1,1,1,1,0
1,1,0,1,0,1,1,1,1,1,1,1,1,0,0,1,1,1,1,0,1,1,1,1,0
NA,NA,NA,NA,NA,NA,NA,NA,NA,NA,NA,NA,NA,NA,NA,NA,NA,NA,NA,NA,NA,NA,NA,NA,NA
NA,NA,NA,NA,NA,NA,NA,NA,NA,NA,NA,NA,NA,NA,NA,NA,NA,NA,NA,NA,NA,NA,NA,NA,NA
1,1,1,1,1,1,0,1,1,1,1,0,1,1,1,1,1,1,1,1,1,1,0,1,1
NA,NA,NA,NA,NA,NA,NA,NA,NA,NA,NA,NA,NA,NA,NA,NA,NA,NA,NA,NA,NA,NA,NA,NA,NA
1,1,0,1,0,0,1,1,1,0,0,1,1,1,1,1,0,1,1,0,1,0,0,0,1
1,1,1,1,1,1,1,1,0,1,1,1,1,1,1,1,1,1,1,0,1,0,1,1,1
1,1,0,1,1,0,1,1,1,1,1,1,1,1,1,1,1,1,1,0,1,1,1,1,1
1,1,0,1,1,1,1,1,1,1,1,1,1,1,0,1,0,1,1,0,1,0,1,1,1
1,1,0,1,1,0,1,1,0,1,0,1,1,0,1,1,1,0,1,0,0,1,0,1,1
NA,NA,NA,NA,NA,NA,NA,NA,NA,NA,NA,NA,NA,NA,NA,NA,NA,NA,NA,NA,NA,NA,NA,NA,NA
1,1,1,1,1,1,1,1,1,1,1,1,1,1,0,0,0,1,1,0,1,1,1,1,1
1,1,1,1,0,1,1,1,1,1,0,1,1,1,0,1,0,1,1,0,1,0,1,1,1
1,1,0,1,1,1,1,1,1,1,1,1,1,1,0,1,1,1,1,1,0,1,1,1,1
1,1,1,1,1,1,1,1,0,0,1,1,1,1,0,1,1,1,1,0,1,1,1,1,1
0,1,1,1,0,1,1,1,0,1,0,0,1,1,1,0,1,1,1,0,1,1,0,0,0
0,1,0,0,1,0,1,1,1,0,0,0,1,1,0,1,0,1,1,0,1,1,1,0,1
1,1,1,1,1,1,1,1,1,1,1,1,1,0,1,1,1,1,1,0,0,1,1,1,0
1,1,1,1,1,1,1,1,1,1,1,1,1,1,0,1,1,1,1,1,1,1,0,1,1
0,1,1,0,1,1,1,1,1,0,0,1,1,1,0,1,1,0,1,0,1,1,0,1,0
1,1,1,1,1,0,1,1,1,1,1,1,1,1,1,1,1,1,1,1,0,0,1,1,1
1,1,1,1,1,0,1,1,0,0,0,1,1,1,0,1,1,1,1,0,1,0,0,1,1
1,1,1,1,1,0,1,0,1,1,1,1,0,1,1,1,1,0,1,0,1,1,0,1,1
1,1,1,1,1,1,1,1,1,0,1,1,1,1,1,1,1,0,1,0,1,1,0,1,1
1,1,1,0,1,1,1,1,1,1,0,1,1,1,1,1,1,1,1,0,1,1,0,1,1
1,1,1,0,1,1,1,1,0,0,0,1,1,1,1,1,0,1,1,0,0,1,1,1,1
1,1,0,1,1,1,1,1,1,1,0,1,1,1,1,1,1,1,1,1,1,1,1,1,1
1,1,1,1,1,1,1,1,1,1,1,1,1,0,1,1,1,1,1,1,1,1,1,1,1
1,1,1,1,1,0,1,1,0,1,0,1,1,1,1,1,1,1,1,0,1,1,0,1,0
1,1,0,1,1,1,1,1,1,1,0,1,1,1,1,1,1,1,1,1,1,0,1,1,1
NA,NA,NA,NA,NA,NA,NA,NA,NA,NA,NA,NA,NA,NA,NA,NA,NA,NA,NA,NA,NA,NA,NA,NA,NA
1,1,1,0,0,0,1,1,0,1,1,1,1,1,1,1,0,0,1,0,0,1,0,1,1
0,1,1,1,0,1,1,1,0,1,1,0,1,1,0,1,0,0,1,0,0,1,1,0,1
1,0,1,1,1,0,1,1,0,1,0,1,1,1,1,1,0,1,1,0,1,1,0,1,1
1,0,1,0,1,1,1,1,0,1,1,1,1,1,0,0,0,0,1,0,1,1,0,1,1
0,0,0,1,0,1,0,0,1,1,0,0,1,0,0,0,0,1,1,1,0,0,0,0,0
1,1,1,1,1,1,1,1,1,1,0,1,1,1,1,1,1,1,1,0,1,0,1,1,1
1,1,0,1,1,1,1,1,1,1,0,1,1,1,1,1,1,1,1,0,1,1,1,1,1
1,1,0,0,0,1,0,1,0,1,1,1,1,1,1,1,1,1,1,0,1,0,1,1,0
1,0,0,1,1,1,1,1,1,1,1,1,1,1,1,1,1,1,0,1,1,0,1,1,1
1,1,0,1,0,0,1,0,0,0,0,0,1,NA,0,0,0,0,1,0,0,0,0,0,0
1,0,1,0,1,1,1,1,1,1,1,1,1,1,1,1,1,1,0,1,1,1,1,1,1
1,1,0,1,1,1,1,1,1,1,0,1,1,1,1,1,0,1,0,0,0,1,0,1,1
1,1,0,1,1,0,1,1,1,0,1,1,1,1,0,0,0,0,1,0,1,1,0,1,0
1,1,1,1,1,0,1,1,1,0,0,1,1,1,1,0,0,1,1,0,1,1,0,0,1
1,0,0,1,0,1,1,1,1,1,1,1,1,1,0,0,1,1,1,1,1,1,0,0,1
1,1,0,0,1,1,1,1,0,1,0,1,1,1,1,1,1,1,1,0,1,1,1,1,1
0,0,1,1,1,1,1,1,0,0,NA,1,0,0,0,0,1,1,1,0,1,0,0,0,0
1,1,1,1,1,0,1,1,1,1,1,1,1,1,0,1,0,1,1,0,1,0,1,1,1
1,1,0,1,1,1,1,1,0,1,0,1,0,1,1,0,1,0,1,0,1,1,0,1,0
1,1,1,1,1,0,1,1,0,0,0,0,1,NA,1,1,0,1,1,0,0,1,0,0,0
1,1,1,1,0,1,1,1,1,1,1,1,1,1,1,1,1,1,1,1,1,0,1,1,1
1,1,0,1,1,1,1,1,1,1,0,1,1,1,1,1,0,1,1,0,1,1,1,1,1
1,1,1,1,1,1,0,1,1,1,1,0,1,1,1,1,1,1,1,1,1,1,0,1,1
1,1,0,1,0,0,1,1,1,1,1,1,1,1,1,0,1,1,1,1,1,0,1,0,1
0,1,0,1,0,0,0,1,1,1,0,1,1,1,1,1,0,1,0,0,1,1,0,1,1
1,1,1,1,1,0,1,1,1,1,1,1,1,0,1,1,0,1,1,0,0,1,0,1,1
1,1,1,1,1,1,1,1,1,1,0,1,1,1,1,1,1,1,1,1,1,1,1,1,1
0,0,0,0,1,1,1,1,0,0,0,0,1,1,1,0,0,1,1,0,1,1,0,0,1
1,1,0,1,1,1,1,1,1,0,0,1,1,1,0,1,1,1,1,1,1,0,0,1,1
NA,NA,NA,NA,NA,NA,NA,NA,NA,NA,NA,NA,NA,NA,NA,NA,NA,NA,NA,NA,NA,NA,NA,NA,NA
0,1,1,1,1,0,1,1,1,1,0,0,1,1,0,1,1,0,1,1,0,1,0,1,1
1,1,1,1,1,1,1,1,0,1,1,0,1,1,1,1,1,1,1,1,1,1,1,1,1
1,1,0,1,1,1,1,1,0,1,0,1,1,1,1,1,1,1,1,0,1,0,0,1,1
0,1,0,0,0,0,1,1,0,1,0,0,1,1,1,1,0,1,1,0,1,1,0,0,1
1,1,1,0,0,1,1,1,1,1,1,1,1,1,1,1,1,0,1,1,1,1,1,1,1
1,1,1,1,0,1,1,1,0,0,1,0,1,1,1,1,1,1,1,1,1,1,1,1,1
NA,NA,NA,NA,NA,NA,NA,NA,NA,NA,NA,NA,NA,NA,NA,NA,NA,NA,NA,NA,NA,NA,NA,NA,NA
1,1,1,0,1,1,1,1,0,1,1,0,1,1,1,0,1,1,1,0,1,1,0,1,1
0,1,0,0,1,0,1,1,0,1,0,1,1,1,1,1,1,0,1,0,0,0,1,1,1
1,1,1,1,1,1,1,1,1,1,0,1,1,0,1,1,1,0,0,0,1,1,1,1,1
1,1,0,1,1,1,1,1,0,1,1,1,1,1,0,1,1,1,1,0,1,1,0,1,1
1,1,0,1,1,1,1,1,1,1,1,1,0,1,1,1,0,1,1,0,1,1,1,1,1
1,1,1,1,1,1,1,1,1,0,0,1,1,1,1,1,1,1,1,1,1,1,0,1,1
1,1,1,1,1,1,1,1,1,1,1,1,1,1,1,1,1,1,1,1,1,1,1,1,1
1,1,1,0,1,0,1,1,0,1,1,1,1,1,0,0,0,0,1,0,1,1,1,1,0
1,1,0,1,1,0,1,1,1,0,1,1,1,1,1,1,1,1,1,1,1,1,1,1,0
1,0,0,1,1,0,0,0,1,0,1,1,0,1,0,1,0,1,1,0,1,0,1,0,0
0,1,1,1,0,0,1,1,1,0,0,1,1,0,1,1,1,1,1,0,1,0,1,1,1
1,0,0,1,1,1,1,0,1,1,1,1,1,1,1,1,1,1,1,0,1,1,0,1,1
1,1,0,1,1,1,1,1,0,0,1,1,1,1,1,1,1,1,1,0,1,1,0,1,1
1,1,1,1,1,1,1,1,1,0,1,1,1,0,0,1,1,0,1,1,0,0,0,1,1
1,0,1,1,1,1,1,1,1,1,1,1,1,1,1,0,1,0,1,0,1,0,1,1,1
1,0,0,1,1,1,1,1,1,0,0,0,1,0,1,1,1,1,1,0,1,1,0,1,1
1,1,1,1,1,1,1,1,1,0,1,1,1,1,1,1,1,1,1,1,1,1,1,1,1
1,1,0,1,1,0,1,1,1,1,1,1,1,1,1,1,1,1,1,1,1,0,1,1,0
NA,NA,NA,NA,NA,NA,NA,NA,NA,NA,NA,NA,NA,NA,NA,NA,NA,NA,NA,NA,NA,NA,NA,NA,NA
1,1,0,0,1,0,1,1,1,1,1,1,1,1,1,1,1,1,1,0,0,1,0,1,1
1,1,1,1,1,0,1,1,1,1,1,1,1,1,0,1,1,1,1,0,1,1,1,1,1
0,0,0,1,1,0,1,1,1,1,0,1,1,1,1,1,1,0,1,0,1,0,0,1,0
1,1,1,1,1,0,1,1,1,0,0,1,1,1,1,1,1,1,0,1,1,1,1,1,1
0,1,0,1,0,0,0,0,0,1,0,1,1,1,0,1,1,1,0,0,1,1,0,0,1
1,1,1,1,1,1,1,1,1,1,1,1,1,1,1,1,1,1,0,1,1,1,1,1,1
0,1,0,0,0,0,0,1,0,1,0,1,1,0,1,0,0,1,1,0,0,0,1,0,1
0,0,0,1,1,1,1,1,1,1,0,0,1,1,0,1,0,1,1,0,0,1,0,0,0
0,1,0,1,0,0,0,1,0,0,1,1,1,1,1,1,0,0,1,0,0,1,0,1,1
NA,NA,NA,NA,NA,NA,NA,NA,NA,NA,NA,NA,NA,NA,NA,NA,NA,NA,NA,NA,NA,NA,NA,NA,NA
NA,NA,NA,NA,NA,NA,NA,NA,NA,NA,NA,NA,NA,NA,NA,NA,NA,NA,NA,NA,NA,NA,NA,NA,NA
1,1,0,1,1,1,1,1,1,1,1,1,1,1,1,1,1,1,1,1,1,1,1,1,0
1,1,1,1,0,1,1,1,0,1,1,1,1,1,1,1,1,1,1,1,1,0,1,1,1
0,0,0,0,0,0,1,1,0,0,0,0,1,1,0,1,0,0,1,0,0,0,0,1,1
1,1,1,1,1,1,1,1,0,1,1,0,1,1,1,1,0,1,1,0,1,1,0,1,1
1,1,0,1,1,1,1,1,1,1,0,1,1,1,1,1,1,0,1,0,1,0,1,1,1
1,0,0,1,1,1,1,1,0,0,0,0,1,0,0,1,1,1,1,1,1,1,0,1,1
1,1,1,1,1,1,1,1,1,1,1,0,1,1,1,1,1,1,1,0,0,1,0,1,0
1,1,1,1,1,1,1,1,0,1,1,1,1,1,1,1,1,1,1,1,1,1,1,1,1
NA,NA,NA,NA,NA,NA,NA,NA,NA,NA,NA,NA,NA,NA,NA,NA,NA,NA,NA,NA,NA,NA,NA,NA,NA
NA,NA,NA,NA,NA,NA,NA,NA,NA,NA,NA,NA,NA,NA,NA,NA,NA,NA,NA,NA,NA,NA,NA,NA,NA
NA,NA,NA,NA,NA,NA,NA,NA,NA,NA,NA,NA,NA,NA,NA,NA,NA,NA,NA,NA,NA,NA,NA,NA,NA
NA,NA,NA,NA,NA,NA,NA,NA,NA,NA,NA,NA,NA,NA,NA,NA,NA,NA,NA,NA,NA,NA,NA,NA,NA
NA,NA,NA,NA,NA,NA,NA,NA,NA,NA,NA,NA,NA,NA,NA,NA,NA,NA,NA,NA,NA,NA,NA,NA,NA
NA,NA,NA,NA,NA,NA,NA,NA,NA,NA,NA,NA,NA,NA,NA,NA,NA,NA,NA,NA,NA,NA,NA,NA,NA
NA,NA,NA,NA,NA,NA,NA,NA,NA,NA,NA,NA,NA,NA,NA,NA,NA,NA,NA,NA,NA,NA,NA,NA,NA
NA,NA,NA,NA,NA,NA,NA,NA,NA,NA,NA,NA,NA,NA,NA,NA,NA,NA,NA,NA,NA,NA,NA,NA,NA
NA,NA,NA,NA,NA,NA,NA,NA,NA,NA,NA,NA,NA,NA,NA,NA,NA,NA,NA,NA,NA,NA,NA,NA,NA
NA,NA,NA,NA,NA,NA,NA,NA,NA,NA,NA,NA,NA,NA,NA,NA,NA,NA,NA,NA,NA,NA,NA,NA,NA
NA,NA,NA,NA,NA,NA,NA,NA,NA,NA,NA,NA,NA,NA,NA,NA,NA,NA,NA,NA,NA,NA,NA,NA,NA
NA,NA,NA,NA,NA,NA,NA,NA,NA,NA,NA,NA,NA,NA,NA,NA,NA,NA,NA,NA,NA,NA,NA,NA,NA
NA,NA,NA,NA,NA,NA,NA,NA,NA,NA,NA,NA,NA,NA,NA,NA,NA,NA,NA,NA,NA,NA,NA,NA,NA
NA,NA,NA,NA,NA,NA,NA,NA,NA,NA,NA,NA,NA,NA,NA,NA,NA,NA,NA,NA,NA,NA,NA,NA,NA
NA,NA,NA,NA,NA,NA,NA,NA,NA,NA,NA,NA,NA,NA,NA,NA,NA,NA,NA,NA,NA,NA,NA,NA,NA
NA,NA,NA,NA,NA,NA,NA,NA,NA,NA,NA,NA,NA,NA,NA,NA,NA,NA,NA,NA,NA,NA,NA,NA,NA
NA,NA,NA,NA,NA,NA,NA,NA,NA,NA,NA,NA,NA,NA,NA,NA,NA,NA,NA,NA,NA,NA,NA,NA,NA
NA,NA,NA,NA,NA,NA,NA,NA,NA,NA,NA,NA,NA,NA,NA,NA,NA,NA,NA,NA,NA,NA,NA,NA,NA
NA,NA,NA,NA,NA,NA,NA,NA,NA,NA,NA,NA,NA,NA,NA,NA,NA,NA,NA,NA,NA,NA,NA,NA,NA
NA,NA,NA,NA,NA,NA,NA,NA,NA,NA,NA,NA,NA,NA,NA,NA,NA,NA,NA,NA,NA,NA,NA,NA,NA
NA,NA,NA,NA,NA,NA,NA,NA,NA,NA,NA,NA,NA,NA,NA,NA,NA,NA,NA,NA,NA,NA,NA,NA,NA
NA,NA,NA,NA,NA,NA,NA,NA,NA,NA,NA,NA,NA,NA,NA,NA,NA,NA,NA,NA,NA,NA,NA,NA,NA
NA,NA,NA,NA,NA,NA,NA,NA,NA,NA,NA,NA,NA,NA,NA,NA,NA,NA,NA,NA,NA,NA,NA,NA,NA
NA,NA,NA,NA,NA,NA,NA,NA,NA,NA,NA,NA,NA,NA,NA,NA,NA,NA,NA,NA,NA,NA,NA,NA,NA
NA,NA,NA,NA,NA,NA,NA,NA,NA,NA,NA,NA,NA,NA,NA,NA,NA,NA,NA,NA,NA,NA,NA,NA,NA
NA,NA,NA,NA,NA,NA,NA,NA,NA,NA,NA,NA,NA,NA,NA,NA,NA,NA,NA,NA,NA,NA,NA,NA,NA
NA,NA,NA,NA,NA,NA,NA,NA,NA,NA,NA,NA,NA,NA,NA,NA,NA,NA,NA,NA,NA,NA,NA,NA,NA
NA,NA,NA,NA,NA,NA,NA,NA,NA,NA,NA,NA,NA,NA,NA,NA,NA,NA,NA,NA,NA,NA,NA,NA,NA
NA,NA,NA,NA,NA,NA,NA,NA,NA,NA,NA,NA,NA,NA,NA,NA,NA,NA,NA,NA,NA,NA,NA,NA,NA
NA,NA,NA,NA,NA,NA,NA,NA,NA,NA,NA,NA,NA,NA,NA,NA,NA,NA,NA,NA,NA,NA,NA,NA,NA
NA,NA,NA,NA,NA,NA,NA,NA,NA,NA,NA,NA,NA,NA,NA,NA,NA,NA,NA,NA,NA,NA,NA,NA,NA
NA,NA,NA,NA,NA,NA,NA,NA,NA,NA,NA,NA,NA,NA,NA,NA,NA,NA,NA,NA,NA,NA,NA,NA,NA
NA,NA,NA,NA,NA,NA,NA,NA,NA,NA,NA,NA,NA,NA,NA,NA,NA,NA,NA,NA,NA,NA,NA,NA,NA
NA,NA,NA,NA,NA,NA,NA,NA,NA,NA,NA,NA,NA,NA,NA,NA,NA,NA,NA,NA,NA,NA,NA,NA,NA
NA,NA,NA,NA,NA,NA,NA,NA,NA,NA,NA,NA,NA,NA,NA,NA,NA,NA,NA,NA,NA,NA,NA,NA,NA
NA,NA,NA,NA,NA,NA,NA,NA,NA,NA,NA,NA,NA,NA,NA,NA,NA,NA,NA,NA,NA,NA,NA,NA,NA
NA,NA,NA,NA,NA,NA,NA,NA,NA,NA,NA,NA,NA,NA,NA,NA,NA,NA,NA,NA,NA,NA,NA,NA,NA
NA,NA,NA,NA,NA,NA,NA,NA,NA,NA,NA,NA,NA,NA,NA,NA,NA,NA,NA,NA,NA,NA,NA,NA,NA
NA,NA,NA,NA,NA,NA,NA,NA,NA,NA,NA,NA,NA,NA,NA,NA,NA,NA,NA,NA,NA,NA,NA,NA,NA
NA,NA,NA,NA,NA,NA,NA,NA,NA,NA,NA,NA,NA,NA,NA,NA,NA,NA,NA,NA,NA,NA,NA,NA,NA
NA,NA,NA,NA,NA,NA,NA,NA,NA,NA,NA,NA,NA,NA,NA,NA,NA,NA,NA,NA,NA,NA,NA,NA,NA
NA,NA,NA,NA,NA,NA,NA,NA,NA,NA,NA,NA,NA,NA,NA,NA,NA,NA,NA,NA,NA,NA,NA,NA,NA
1,1,0,1,1,1,1,0,1,0,1,1,1,1,1,1,0,1,1,1,0,0,1,1,1
NA,NA,NA,NA,NA,NA,NA,NA,NA,NA,NA,NA,NA,NA,NA,NA,NA,NA,NA,NA,NA,NA,NA,NA,NA
1,1,0,1,1,1,1,1,1,1,1,1,1,1,1,1,1,1,1,1,1,0,1,1,1
1,1,1,1,0,1,0,1,0,0,1,1,1,1,1,1,0,1,1,0,0,0,1,0,1
1,1,1,1,1,1,1,1,0,0,1,0,0,1,1,1,0,1,1,0,1,1,1,1,1
1,1,0,0,0,1,0,1,0,1,1,1,1,1,1,1,0,0,1,0,0,0,1,0,0
0,1,0,0,1,1,1,1,1,1,1,1,1,1,1,1,0,1,1,0,0,1,1,1,1
NA,NA,NA,NA,NA,NA,NA,NA,NA,NA,NA,NA,NA,NA,NA,NA,NA,NA,NA,NA,NA,NA,NA,NA,NA
1,1,0,1,1,1,1,1,1,1,1,1,1,1,1,1,1,0,1,1,0,1,1,1,1
0,1,0,1,0,1,1,1,1,1,1,1,1,0,1,1,1,1,1,1,1,1,1,1,1
NA,NA,NA,NA,NA,NA,NA,NA,NA,NA,NA,NA,NA,NA,NA,NA,NA,NA,NA,NA,NA,NA,NA,NA,NA
1,1,0,0,0,1,1,1,0,1,1,1,1,1,1,1,0,1,1,1,1,0,1,1,1
NA,NA,NA,NA,NA,NA,NA,NA,NA,NA,NA,NA,NA,NA,NA,NA,NA,NA,NA,NA,NA,NA,NA,NA,NA
0,1,0,0,1,1,1,1,0,1,0,0,0,0,0,1,0,1,0,0,0,0,0,1,0
1,1,1,1,0,0,1,0,0,0,0,0,0,1,0,0,1,0,1,0,0,1,0,0,0
1,1,1,1,1,1,0,1,0,1,0,1,1,1,1,1,1,1,0,1,0,1,1,1,0
NA,NA,NA,NA,NA,NA,NA,NA,NA,NA,NA,NA,NA,NA,NA,NA,NA,NA,NA,NA,NA,NA,NA,NA,NA
1,1,0,1,1,1,0,1,1,1,1,1,1,1,1,1,0,1,0,1,0,1,1,1,1
1,1,1,1,1,1,1,1,1,1,1,1,1,1,1,1,1,1,1,1,1,1,1,1,1
1,1,1,0,0,1,0,0,0,0,1,0,1,0,0,1,0,0,1,1,0,0,0,0,0
1,1,0,1,1,1,1,1,1,1,1,1,1,1,1,1,1,1,1,1,0,1,1,1,1
1,1,0,1,1,1,1,1,1,1,1,1,1,1,1,1,1,1,1,0,1,1,1,1,1
1,1,0,1,1,1,1,1,1,1,1,0,1,1,1,1,0,0,1,0,1,1,1,1,1
1,1,0,1,0,1,1,0,0,1,1,1,1,1,0,1,0,1,0,0,0,1,1,0,1
1,0,1,0,0,0,1,0,0,1,0,1,1,1,0,1,0,0,0,0,0,0,0,0,0
0,1,1,1,0,0,1,1,0,1,1,1,1,1,0,0,0,1,1,0,1,1,1,0,1
1,1,0,0,1,1,1,1,0,1,1,1,1,1,1,1,0,1,0,1,0,1,1,0,0
1,1,0,1,0,1,1,1,1,1,1,0,1,1,1,1,1,1,1,1,1,1,1,1,1
NA,NA,NA,NA,NA,NA,NA,NA,NA,NA,NA,NA,NA,NA,NA,NA,NA,NA,NA,NA,NA,NA,NA,NA,NA
0,0,0,0,0,1,1,1,0,1,0,1,0,1,0,1,0,0,1,0,1,1,0,0,0
0,1,1,1,1,0,1,1,0,1,1,1,1,1,0,1,1,1,1,0,1,0,1,0,1
1,1,1,0,1,1,0,1,0,1,1,0,1,1,0,1,0,1,1,0,0,0,1,0,1
1,1,1,1,1,1,1,1,1,0,1,1,1,1,1,1,0,0,1,1,1,1,1,0,1
1,1,1,1,1,1,1,1,1,1,1,1,1,1,1,1,1,1,0,1,1,1,1,1,1
0,1,0,0,0,1,1,1,0,1,1,1,1,0,1,1,1,1,1,0,0,1,0,0,1
0,1,0,1,0,1,1,1,0,0,1,0,1,0,1,1,0,0,1,0,1,1,1,1,0
1,1,1,1,0,1,1,1,1,1,1,1,1,1,1,1,1,1,1,1,1,0,1,1,1
1,1,1,1,1,1,1,1,1,1,1,1,1,1,1,1,1,1,1,0,1,1,1,1,1
1,1,0,1,1,1,1,1,0,1,1,1,1,1,0,1,0,1,1,1,0,1,1,1,0
1,1,0,1,1,1,1,1,1,1,1,1,1,1,1,1,1,1,1,1,1,1,1,1,1
0,1,0,1,1,1,1,1,0,1,1,1,1,1,1,1,0,1,1,0,1,0,1,1,1
NA,NA,NA,NA,NA,NA,NA,NA,NA,NA,NA,NA,NA,NA,NA,NA,NA,NA,NA,NA,NA,NA,NA,NA,NA
1,1,1,1,1,1,1,1,1,1,1,0,1,1,1,1,1,1,1,0,1,1,0,1,1
1,1,1,1,1,1,1,1,0,1,1,1,1,1,1,1,1,0,1,0,0,1,1,1,0
1,1,1,1,1,1,1,1,1,1,1,0,1,1,1,1,1,1,1,1,1,1,1,1,1
1,1,1,1,1,1,1,1,1,1,1,1,1,1,1,1,0,1,1,1,1,1,1,1,1
1,1,0,1,1,1,1,1,1,1,1,1,1,1,1,1,0,1,1,1,1,1,1,1,1
0,0,1,1,0,0,1,1,0,0,1,1,1,1,1,0,1,0,1,0,0,0,1,1,0
1,1,0,1,0,0,1,1,0,0,1,0,1,0,0,1,1,0,1,0,0,1,0,0,0
1,1,1,1,0,1,0,1,0,0,1,0,1,1,0,1,0,0,1,1,1,1,1,0,1
1,1,1,1,1,1,0,0,0,0,0,0,1,1,1,1,1,1,1,0,0,1,1,1,1
1,1,0,1,1,1,1,1,1,1,1,1,1,1,1,1,1,1,0,0,0,1,1,1,1
0,1,0,1,1,1,1,1,0,1,1,0,1,0,1,1,0,1,0,1,1,1,1,0,0
1,1,1,1,1,1,1,1,1,1,1,0,1,0,1,1,0,1,1,1,1,1,1,1,0
NA,NA,NA,NA,NA,NA,NA,NA,NA,NA,NA,NA,NA,NA,NA,NA,NA,NA,NA,NA,NA,NA,NA,NA,NA
NA,NA,NA,NA,NA,NA,NA,NA,NA,NA,NA,NA,NA,NA,NA,NA,NA,NA,NA,NA,NA,NA,NA,NA,NA
1,1,1,1,1,1,0,1,1,1,1,1,1,1,0,1,0,1,1,0,1,1,1,1,1
0,1,1,1,1,1,1,1,1,0,1,1,1,1,1,0,1,1,1,1,0,1,0,0,1
1,1,1,1,1,1,1,1,1,1,1,1,1,1,0,1,0,1,1,0,1,1,1,1,1
1,0,1,1,1,0,1,1,0,1,1,1,1,0,0,1,1,1,1,0,1,1,0,1,1
1,1,0,1,1,1,1,1,0,1,0,1,1,1,1,1,0,1,1,0,1,1,1,1,1
1,0,1,1,1,1,0,1,0,0,1,0,1,1,1,0,0,1,1,0,1,0,1,1,0
1,1,1,1,1,1,1,1,1,1,0,1,1,1,1,1,0,1,1,1,0,1,1,1,1
1,0,1,1,1,1,1,1,0,1,1,1,1,0,0,1,1,0,0,0,0,1,1,0,0
1,1,0,1,1,1,1,1,1,1,1,1,1,1,1,1,1,1,1,1,1,1,1,1,1
1,1,1,1,1,1,0,1,1,1,0,1,1,1,1,1,1,0,1,1,1,1,0,1,1
1,1,1,0,1,1,1,1,1,1,1,1,1,1,1,1,1,1,1,0,1,1,1,1,1
NA,NA,NA,NA,NA,NA,NA,NA,NA,NA,NA,NA,NA,NA,NA,NA,NA,NA,NA,NA,NA,NA,NA,NA,NA
1,1,1,1,1,1,1,1,1,1,1,1,1,1,0,1,1,1,1,1,1,1,1,1,1
1,1,0,1,1,1,1,1,0,1,1,1,1,0,1,1,0,1,1,1,1,1,1,0,1
1,1,1,1,1,1,1,1,1,0,1,1,1,0,0,1,0,1,1,0,1,1,1,1,1
1,1,0,0,1,1,1,1,0,1,1,1,0,1,0,1,1,1,1,0,1,1,0,1,0
1,1,1,1,1,1,1,1,1,1,1,1,1,1,1,1,0,1,0,1,1,1,1,1,1
1,1,1,1,0,1,1,1,1,1,1,1,1,1,1,1,1,1,1,1,0,0,1,1,1
1,1,1,0,1,1,1,1,0,0,1,1,1,1,1,1,0,1,1,1,1,1,1,0,0
1,1,1,1,1,1,1,1,1,1,1,1,1,1,1,1,0,0,0,0,1,1,1,1,1
1,1,1,1,1,1,1,1,0,1,1,0,1,1,1,1,0,1,1,1,1,1,1,1,1
1,1,1,1,1,1,1,1,1,1,1,1,1,1,0,1,1,1,1,0,1,1,1,1,1
0,0,1,1,0,1,1,1,1,1,1,1,0,0,0,1,0,0,1,0,0,0,1,1,0
NA,NA,NA,NA,NA,NA,NA,NA,NA,NA,NA,NA,NA,NA,NA,NA,NA,NA,NA,NA,NA,NA,NA,NA,NA
1,1,0,1,1,1,1,1,0,1,0,0,1,1,1,1,1,0,1,1,1,1,1,1,1
1,1,1,1,0,1,1,1,1,0,0,0,1,1,0,1,0,0,0,0,0,0,0,0,0
1,1,0,1,1,1,1,1,1,1,1,1,1,1,1,1,1,1,1,1,1,1,1,1,1
1,1,0,1,1,1,1,1,1,1,1,1,1,1,1,1,1,1,1,1,1,1,1,1,1
0,0,1,1,1,0,0,1,0,1,0,0,1,1,0,1,0,0,1,0,0,1,1,0,0
1,1,0,1,0,1,1,1,0,0,0,1,1,1,1,1,1,1,1,0,1,1,1,0,0
0,1,0,0,0,0,0,1,0,1,1,0,1,0,1,0,0,0,0,0,0,1,1,0,1
1,1,1,1,1,1,1,1,1,0,1,1,1,1,1,1,1,1,1,0,1,1,1,0,1
1,1,1,1,1,0,1,1,1,1,1,1,1,1,1,1,0,1,1,1,0,0,1,0,1
1,1,0,1,1,1,1,1,0,1,1,1,0,1,1,1,0,0,1,0,0,1,1,1,1
1,1,0,1,0,1,0,1,0,0,1,0,1,0,1,1,0,1,1,0,0,0,1,1,1
1,1,0,0,1,1,1,1,1,1,1,0,1,1,1,1,1,1,1,1,1,1,1,0,1
0,0,0,1,1,1,0,1,1,1,1,0,1,1,1,0,0,1,1,1,0,0,1,0,1
1,1,0,1,0,0,0,1,0,1,0,0,1,0,0,1,1,0,1,0,1,1,1,0,0
1,1,0,0,1,1,1,1,1,1,1,1,0,1,0,1,0,1,1,1,1,1,1,0,1
1,1,1,1,1,1,0,1,0,1,1,1,1,1,1,1,0,1,1,1,0,0,0,1,1
1,1,1,1,1,1,1,1,1,1,1,1,1,1,1,1,1,0,1,0,0,1,1,1,1
0,1,1,1,1,1,0,1,1,1,0,1,0,1,1,1,1,1,0,1,1,1,1,0,0
1,1,1,1,1,1,0,1,1,1,0,1,1,1,1,1,0,1,1,1,1,1,1,0,1
1,1,1,1,1,1,1,1,1,0,1,0,1,1,1,1,0,1,1,1,1,1,1,1,0
1,1,1,0,1,1,1,1,1,1,1,0,1,1,0,1,1,1,1,0,0,1,1,0,1
0,1,0,1,1,1,1,1,1,1,1,1,1,1,1,1,0,1,1,0,0,0,1,1,1
1,1,0,1,0,1,1,1,1,1,1,1,1,0,1,1,0,1,0,1,1,1,1,1,0
1,1,1,0,0,1,0,1,0,1,1,1,1,1,1,1,0,0,0,0,0,1,1,0,0
1,1,1,1,1,1,1,1,1,1,1,1,1,1,1,1,1,1,1,0,0,1,1,1,1
1,1,1,1,0,1,0,1,0,0,1,1,0,1,0,1,0,0,1,0,0,0,1,0,0
0,1,0,0,0,1,1,1,0,1,1,1,1,1,0,1,1,1,1,0,0,0,1,0,0
1,1,0,1,1,1,1,1,0,1,1,1,1,0,1,1,1,1,1,1,1,1,1,1,1
1,0,1,1,0,1,1,1,0,0,1,0,1,1,0,0,0,1,1,0,0,1,1,1,0
0,0,1,1,1,1,0,1,0,1,1,1,1,1,0,1,1,0,0,1,1,0,0,0,1
1,1,0,0,1,1,1,1,1,1,1,1,1,1,1,1,1,1,0,0,1,1,1,1,1
1,1,0,1,1,1,1,1,1,1,1,1,1,1,1,1,1,1,1,1,0,1,1,1,1
1,1,0,1,1,1,1,1,1,0,1,0,1,1,1,1,0,1,1,0,1,1,1,1,1
1,1,1,1,1,1,1,1,1,1,1,0,1,1,1,1,1,1,1,0,1,1,1,0,1
1,1,0,1,1,1,1,1,1,1,1,1,0,1,1,1,0,1,1,1,1,1,1,0,1
1,1,0,1,1,1,1,1,1,0,1,0,1,1,1,1,0,1,1,1,0,1,1,0,1
1,1,0,0,0,1,0,1,0,0,1,0,1,1,0,1,0,0,0,0,1,0,0,0,1
1,1,0,1,1,1,1,1,0,1,1,1,1,1,1,1,1,1,1,1,0,1,1,1,1
0,0,1,0,1,1,1,1,0,1,1,1,0,0,1,1,1,1,1,0,1,1,0,0,0
0,0,1,0,1,1,1,0,0,1,1,0,1,1,1,0,0,0,1,0,0,1,1,1,1
1,1,0,1,1,1,1,1,1,1,0,1,1,1,1,1,1,1,1,1,0,1,1,0,1
NA,NA,NA,NA,NA,NA,NA,NA,NA,NA,NA,NA,NA,NA,NA,NA,NA,NA,NA,NA,NA,NA,NA,NA,NA
1,0,1,1,1,0,1,1,0,0,1,1,1,1,1,0,0,1,1,1,1,1,1,0,1
1,1,0,1,1,1,0,1,0,1,0,1,0,0,1,1,1,1,1,0,1,1,1,1,1
1,1,1,1,1,1,1,1,0,0,1,1,1,1,1,1,0,1,1,1,1,1,1,1,0
0,1,1,0,1,0,0,1,0,1,0,0,1,1,1,1,1,0,1,0,0,0,0,0,0
1,1,1,1,1,0,0,0,1,1,1,0,1,0,1,1,1,1,1,0,0,0,1,1,0
1,1,1,1,0,1,1,1,1,0,1,1,1,1,0,1,1,0,1,0,0,1,0,1,1
1,1,0,1,1,0,1,1,1,1,1,1,1,1,1,1,0,1,1,1,1,0,0,1,1
1,0,0,1,1,1,1,1,1,1,1,1,1,1,1,1,1,1,1,1,1,1,1,1,0
1,1,1,0,1,0,1,1,1,1,1,1,1,1,1,1,1,1,1,1,0,0,0,0,1
1,1,1,1,0,1,1,0,0,1,0,1,0,0,1,1,1,0,1,0,1,0,1,0,0
0,1,0,1,0,0,0,1,0,0,1,1,1,0,1,1,1,1,1,0,0,0,1,0,0
NA,NA,NA,NA,NA,NA,NA,NA,NA,NA,NA,NA,NA,NA,NA,NA,NA,NA,NA,NA,NA,NA,NA,NA,NA
1,1,1,1,0,0,0,0,0,0,1,0,1,0,1,1,0,0,1,1,1,0,0,0,0
0,1,1,0,1,1,1,0,0,0,0,0,1,0,1,0,1,1,0,0,1,1,1,1,1
1,1,1,1,1,1,1,1,1,1,1,0,1,1,1,1,1,1,1,1,1,1,1,1,1
1,1,0,1,1,1,1,1,1,0,1,1,1,1,1,1,0,1,1,1,1,0,0,1,1
1,1,0,1,1,1,1,1,1,1,1,1,1,0,1,1,1,1,1,1,1,1,1,1,1
1,1,0,0,0,1,1,1,0,0,0,1,1,1,1,1,0,1,1,0,0,1,1,0,1
1,1,1,1,1,1,1,1,1,0,0,1,1,1,1,1,1,1,1,1,1,1,1,1,1
NA,NA,NA,NA,NA,NA,NA,NA,NA,NA,NA,NA,NA,NA,NA,NA,NA,NA,NA,NA,NA,NA,NA,NA,NA
1,1,0,1,1,1,1,1,1,1,1,1,1,1,1,1,1,1,0,1,1,1,1,1,1
1,1,0,1,1,1,1,1,1,1,1,1,1,1,0,1,1,1,1,1,1,1,1,1,1
1,1,1,1,1,1,1,1,1,1,1,1,1,1,1,1,0,1,1,1,1,1,1,1,0
1,1,0,0,0,1,1,1,0,1,0,0,1,0,1,1,0,1,1,0,0,1,1,0,0
NA,NA,NA,NA,NA,NA,NA,NA,NA,NA,NA,NA,NA,NA,NA,NA,NA,NA,NA,NA,NA,NA,NA,NA,NA
1,1,0,1,1,0,1,1,1,0,1,1,1,1,1,1,0,0,1,0,1,0,0,1,1
0,1,0,0,0,1,1,1,1,1,1,1,1,0,1,1,0,0,1,0,0,0,1,1,0
1,0,0,0,0,0,1,1,0,0,0,1,1,1,1,0,0,0,0,0,1,0,0,0,1
1,1,1,0,0,0,0,1,0,0,0,0,1,0,0,0,1,1,1,0,0,0,0,0,0
1,1,1,1,0,1,1,1,0,1,1,1,1,0,1,1,1,1,1,1,0,0,1,1,1
NA,NA,NA,NA,NA,NA,NA,NA,NA,NA,NA,NA,NA,NA,NA,NA,NA,NA,NA,NA,NA,NA,NA,NA,NA
1,1,0,1,1,0,1,1,0,0,1,0,1,0,1,0,1,1,0,0,0,1,0,1,0
1,1,1,1,1,1,1,1,1,1,1,1,1,1,1,1,1,1,1,1,0,1,1,0,0
1,1,0,1,1,1,1,1,1,0,0,1,1,0,1,1,1,1,1,0,1,1,0,1,1
NA,NA,NA,NA,NA,NA,NA,NA,NA,NA,NA,NA,NA,NA,NA,NA,NA,NA,NA,NA,NA,NA,NA,NA,NA
1,1,1,1,0,1,1,1,0,1,1,1,1,0,1,1,1,0,1,0,0,1,1,1,1
1,1,1,1,0,1,1,1,1,0,1,0,1,0,1,0,0,0,1,0,0,1,1,1,1
1,1,0,1,0,1,1,1,0,1,1,1,1,0,1,1,1,0,1,1,0,0,0,1,1
1,1,1,1,1,0,1,1,0,1,1,1,0,1,0,1,1,0,1,0,0,0,1,0,1
1,1,1,1,0,1,1,1,0,1,1,1,1,1,0,1,1,1,1,0,1,1,1,0,1
1,1,0,1,0,1,1,1,1,0,1,1,1,1,1,1,1,0,1,0,0,1,1,0,1
0,1,1,1,0,1,0,1,1,0,1,1,1,0,0,0,0,0,0,0,1,1,1,0,0
1,1,1,1,0,0,0,1,1,1,1,1,1,1,1,1,1,1,1,1,1,1,1,1,1
1,1,0,0,0,1,0,1,0,1,1,1,0,1,1,1,0,1,0,1,0,0,1,0,1
0,1,0,1,0,1,1,1,0,0,0,1,1,1,1,1,0,1,1,1,0,1,1,0,0
0,1,0,1,0,1,0,1,NA,1,0,0,1,1,1,0,1,0,1,0,1,1,1,0,0
NA,NA,NA,NA,NA,NA,NA,NA,NA,NA,NA,NA,NA,NA,NA,NA,NA,NA,NA,NA,NA,NA,NA,NA,NA
1,1,1,1,1,1,1,1,0,1,1,0,1,0,1,1,1,0,1,1,1,1,1,0,1
1,1,0,1,1,1,0,1,1,1,1,1,1,0,1,1,1,1,1,0,0,0,1,1,1
NA,NA,NA,NA,NA,NA,NA,NA,NA,NA,NA,NA,NA,NA,NA,NA,NA,NA,NA,NA,NA,NA,NA,NA,NA
1,1,1,1,1,1,1,1,1,1,1,1,1,1,1,1,1,1,1,0,1,1,1,1,1
NA,NA,NA,NA,NA,NA,NA,NA,NA,NA,NA,NA,NA,NA,NA,NA,NA,NA,NA,NA,NA,NA,NA,NA,NA
NA,NA,NA,NA,NA,NA,NA,NA,NA,NA,NA,NA,NA,NA,NA,NA,NA,NA,NA,NA,NA,NA,NA,NA,NA
1,1,0,1,1,1,1,1,0,0,1,1,1,1,0,1,1,1,0,1,1,1,1,0,1
0,1,0,1,0,1,0,1,0,1,1,1,1,1,1,1,1,1,1,1,0,0,0,0,0
1,1,0,1,1,1,1,1,1,1,0,0,1,1,1,1,1,1,1,1,1,1,1,1,1
1,1,0,1,1,1,1,1,0,1,1,1,1,1,0,1,1,1,1,1,1,1,1,1,1
1,1,1,1,1,1,1,1,1,1,1,1,1,1,0,1,1,0,1,1,0,1,1,1,1
0,1,1,1,1,1,0,1,1,1,1,1,1,1,1,1,1,0,1,0,1,0,0,1,1
NA,NA,NA,NA,NA,NA,NA,NA,NA,NA,NA,NA,NA,NA,NA,NA,NA,NA,NA,NA,NA,NA,NA,NA,NA
1,1,0,1,1,1,1,1,1,0,1,1,1,1,1,1,1,1,1,1,1,1,1,1,1
1,1,0,1,0,1,1,1,1,1,0,1,1,1,1,1,0,1,1,1,1,1,1,1,1
1,1,1,0,1,1,1,1,1,1,0,1,1,0,1,1,1,0,1,1,1,1,0,0,0
0,1,1,0,1,1,1,1,1,1,1,1,1,0,1,0,1,0,1,0,1,0,1,0,0
1,1,1,1,1,1,1,1,1,1,1,1,1,1,0,1,1,1,1,1,1,1,1,1,1
1,1,0,1,1,1,1,1,0,1,1,0,1,1,1,1,0,1,1,0,1,1,1,0,0
1,0,0,1,1,1,1,1,1,0,0,1,1,0,1,1,0,1,1,0,1,0,1,0,0
1,1,0,1,1,1,0,1,1,1,1,1,1,1,1,1,1,1,1,0,1,1,1,1,0
1,1,0,1,1,1,1,1,1,1,1,1,1,1,1,1,0,1,1,1,1,1,1,0,1
1,1,1,1,0,1,1,1,0,0,1,1,1,1,0,0,1,1,1,0,1,0,1,1,1
1,1,0,1,1,1,1,1,1,1,0,1,1,0,1,1,1,1,1,0,1,1,1,1,1
0,1,1,1,0,1,1,1,0,1,1,1,1,1,1,1,1,1,0,1,1,0,0,0,0
1,1,1,1,1,1,1,1,1,1,1,1,1,1,1,1,1,1,1,1,1,1,1,1,1
1,1,1,1,0,1,0,1,0,1,1,1,0,0,1,1,1,1,1,1,1,1,1,0,1
1,0,0,1,1,1,1,1,0,0,1,1,1,1,1,1,0,1,1,0,1,0,0,0,1
1,1,1,1,1,1,1,1,0,1,1,0,1,1,1,1,1,1,1,1,1,1,1,1,1
1,1,1,1,1,1,1,1,1,1,1,1,1,1,1,1,1,1,1,1,1,0,1,1,1
0,1,0,1,0,1,1,1,0,1,1,1,1,0,0,1,1,1,1,0,1,0,1,0,1
1,1,1,1,1,1,1,1,0,1,1,1,0,0,1,1,1,1,1,1,1,1,1,0,0
1,1,0,0,0,1,0,1,0,1,1,1,1,0,1,1,0,1,0,0,1,1,1,1,1
1,1,0,0,1,1,0,1,0,1,1,0,1,0,1,1,1,1,0,0,1,0,1,0,0
NA,NA,NA,NA,NA,NA,NA,NA,NA,NA,NA,NA,NA,NA,NA,NA,NA,NA,NA,NA,NA,NA,NA,NA,NA
1,1,0,1,1,1,1,1,1,1,1,1,1,0,1,1,1,1,1,1,1,1,1,1,1
1,1,0,1,1,1,1,1,0,0,1,1,1,0,1,0,1,1,0,1,1,1,1,0,0
0,0,1,1,1,1,1,1,0,1,1,1,1,1,0,1,0,1,1,0,0,1,0,0,0
0,1,0,1,0,1,1,1,1,0,1,1,0,0,0,1,0,1,1,0,0,0,1,1,0
1,1,1,0,0,1,0,1,0,1,1,0,1,1,0,1,0,0,1,0,0,0,1,1,0
1,0,1,1,0,1,0,1,0,0,0,1,1,1,1,1,1,0,1,1,0,1,1,0,1
NA,NA,NA,NA,NA,NA,NA,NA,NA,NA,NA,NA,NA,NA,NA,NA,NA,NA,NA,NA,NA,NA,NA,NA,NA
NA,NA,NA,NA,NA,NA,NA,NA,NA,NA,NA,NA,NA,NA,NA,NA,NA,NA,NA,NA,NA,NA,NA,NA,NA
0,1,0,1,0,1,0,1,1,1,1,1,1,0,0,1,1,0,0,0,1,1,1,0,1
0,1,1,0,0,1,0,1,1,1,1,0,1,0,0,1,1,0,1,1,1,0,1,0,0
0,1,0,1,1,1,1,0,0,0,0,1,1,1,1,0,0,0,1,0,1,0,1,1,0
1,1,0,1,0,1,1,1,0,1,1,1,1,1,1,1,0,1,1,1,1,0,1,0,1
1,1,1,1,1,1,1,1,1,1,1,1,1,1,1,1,1,1,1,1,1,1,1,1,1
1,1,0,1,1,1,0,1,0,1,1,1,0,0,1,1,0,0,1,0,0,1,1,1,0
NA,NA,NA,NA,NA,NA,NA,NA,NA,NA,NA,NA,NA,NA,NA,NA,NA,NA,NA,NA,NA,NA,NA,NA,NA
1,1,0,0,1,1,1,1,1,1,0,1,1,1,1,1,1,1,0,1,1,0,1,1,1
1,1,1,1,1,1,1,1,0,1,1,0,1,1,1,1,0,0,1,0,0,0,0,1,0
0,0,0,1,1,1,1,1,1,1,1,1,0,0,1,0,1,1,1,0,1,1,1,1,0
0,0,0,1,1,1,1,1,0,1,1,1,1,0,1,1,0,1,1,0,0,1,1,1,0
NA,NA,NA,NA,NA,NA,NA,NA,NA,NA,NA,NA,NA,NA,NA,NA,NA,NA,NA,NA,NA,NA,NA,NA,NA
1,1,1,1,1,1,1,1,0,1,1,1,1,1,1,1,1,1,1,1,1,1,1,1,1
1,1,1,1,0,1,1,1,1,1,1,0,1,1,1,1,0,1,1,0,0,1,1,1,0
0,1,0,1,0,1,1,1,0,0,1,0,1,1,1,1,0,1,1,0,1,1,1,1,1
1,1,1,1,1,0,1,1,0,1,1,1,1,1,0,1,1,1,1,1,0,1,1,1,0
1,1,0,1,0,1,1,1,1,1,0,0,1,1,0,1,1,0,1,0,0,1,1,1,1
NA,NA,NA,NA,NA,NA,NA,NA,NA,NA,NA,NA,NA,NA,NA,NA,NA,NA,NA,NA,NA,NA,NA,NA,NA
0,1,1,1,1,1,1,1,1,1,1,0,0,0,1,1,0,1,1,1,0,0,1,1,1
1,1,1,1,1,1,1,1,1,1,1,1,1,1,1,1,0,0,1,0,1,1,1,1,1
1,1,1,0,1,0,0,1,0,1,1,1,1,1,1,1,1,1,1,1,0,1,1,0,0
1,0,1,1,1,1,1,1,0,1,1,1,0,1,0,1,1,1,0,0,0,1,1,0,0
NA,NA,NA,NA,NA,NA,NA,NA,NA,NA,NA,NA,NA,NA,NA,NA,NA,NA,NA,NA,NA,NA,NA,NA,NA
1,1,0,1,1,1,1,1,1,0,1,1,1,1,1,1,1,1,1,0,1,1,0,1,1
NA,NA,NA,NA,NA,NA,NA,NA,NA,NA,NA,NA,NA,NA,NA,NA,NA,NA,NA,NA,NA,NA,NA,NA,NA
0,1,1,1,1,0,1,1,1,0,0,1,1,0,1,1,0,0,1,1,0,0,1,1,0
0,1,1,0,0,0,1,1,0,1,0,0,1,1,0,1,0,1,1,0,0,1,0,1,1
1,1,1,1,1,1,1,1,1,1,1,1,1,1,1,1,1,1,1,1,0,1,1,1,1
NA,NA,NA,NA,NA,NA,NA,NA,NA,NA,NA,NA,NA,NA,NA,NA,NA,NA,NA,NA,NA,NA,NA,NA,NA
NA,NA,NA,NA,NA,NA,NA,NA,NA,NA,NA,NA,NA,NA,NA,NA,NA,NA,NA,NA,NA,NA,NA,NA,NA
1,1,1,1,1,0,1,1,1,1,0,1,1,1,1,1,1,1,1,1,0,0,1,1,1
1,1,0,1,1,1,1,1,1,0,1,1,1,1,1,1,1,1,1,1,1,1,1,1,1
NA,NA,NA,NA,NA,NA,NA,NA,NA,NA,NA,NA,NA,NA,NA,NA,NA,NA,NA,NA,NA,NA,NA,NA,NA
0,1,0,1,1,1,1,1,0,1,1,0,1,0,1,1,0,1,0,1,1,1,1,0,0
NA,NA,NA,NA,NA,NA,NA,NA,NA,NA,NA,NA,NA,NA,NA,NA,NA,NA,NA,NA,NA,NA,NA,NA,NA
1,1,1,1,1,1,1,1,1,1,1,1,1,0,1,1,1,1,1,1,1,1,1,1,1
1,1,0,1,0,1,1,1,0,0,1,1,1,1,1,1,0,1,1,0,0,0,1,1,1
1,0,1,1,1,1,1,1,1,1,1,0,1,1,0,1,1,1,0,0,1,1,1,1,1
1,1,1,1,1,1,0,1,1,1,1,0,1,0,1,1,1,1,1,0,0,0,0,0,1
1,1,0,1,1,1,1,1,0,1,1,1,1,1,1,1,1,1,1,1,1,1,1,1,1
1,1,1,1,1,1,1,1,0,1,1,1,1,1,1,1,1,1,0,0,1,1,1,1,1
1,1,0,1,0,1,1,1,0,1,0,0,1,1,0,1,1,0,1,0,1,1,0,1,1
1,1,1,1,1,1,1,0,1,1,1,1,1,1,1,1,1,1,1,1,1,1,1,1,1
0,1,0,0,0,1,0,0,0,1,1,1,1,1,0,1,1,1,1,1,0,0,1,1,1
1,1,1,1,1,1,1,1,1,1,0,1,1,0,0,1,1,1,1,1,1,1,1,1,1
1,1,1,1,1,1,1,1,1,1,1,0,1,1,1,1,1,1,1,0,1,1,1,1,1
NA,NA,NA,NA,NA,NA,NA,NA,NA,NA,NA,NA,NA,NA,NA,NA,NA,NA,NA,NA,NA,NA,NA,NA,NA
1,1,0,1,1,0,1,1,0,1,1,1,1,1,1,1,0,1,1,1,1,1,1,1,1
1,1,0,1,1,1,1,1,0,1,1,0,0,1,1,1,0,0,1,0,1,1,0,1,1
1,0,1,1,1,1,1,1,1,1,1,1,1,1,1,1,1,1,0,0,1,1,1,1,1
0,1,0,1,1,1,0,1,0,1,0,0,1,0,1,1,0,0,1,0,1,1,1,0,0
0,1,1,0,1,0,0,1,0,1,0,0,1,1,1,0,1,1,1,0,1,0,1,0,1
1,1,1,1,0,1,1,1,0,1,1,0,1,1,1,1,0,1,0,0,1,1,1,0,1
1,1,1,1,0,1,1,1,0,1,1,0,1,0,1,1,1,1,1,0,0,1,1,1,0
0,1,1,0,0,1,1,1,0,1,1,0,1,1,1,1,0,1,1,0,1,0,1,0,0
1,1,0,1,1,1,1,1,1,1,1,1,1,1,1,1,0,1,1,1,0,1,1,0,1
1,1,0,0,0,1,0,1,1,1,0,1,1,1,0,1,1,1,1,0,1,1,1,1,0
0,1,0,1,1,1,0,1,1,1,1,1,1,1,1,1,1,1,1,0,0,1,1,1,1
0,1,1,0,1,0,1,0,1,0,1,1,1,0,0,1,1,1,1,0,1,0,0,1,1
0,1,0,1,1,1,0,1,0,0,1,1,0,0,1,0,0,0,1,1,0,1,0,0,1
1,1,1,0,1,1,1,1,0,1,1,0,1,1,0,1,0,1,1,0,1,1,1,1,0
1,1,1,1,0,1,1,1,1,1,1,1,1,1,1,0,0,0,1,1,0,0,0,1,1
1,1,0,1,1,1,1,1,1,1,0,1,1,1,0,1,1,1,1,1,1,1,1,1,1
1,1,1,1,1,1,1,1,1,1,1,1,1,1,1,1,1,1,1,1,1,1,1,1,1
0,1,1,1,1,1,0,1,0,0,0,1,0,0,0,1,1,1,1,0,0,0,0,0,0
0,1,0,0,0,1,0,0,0,1,0,0,0,1,0,1,0,1,1,0,0,0,1,0,0
1,1,1,1,1,0,1,1,1,0,1,0,1,1,0,1,1,0,1,0,0,1,0,0,1
NA,NA,NA,NA,NA,NA,NA,NA,NA,NA,NA,NA,NA,NA,NA,NA,NA,NA,NA,NA,NA,NA,NA,NA,NA
1,1,0,0,0,1,1,1,0,1,1,1,1,1,0,1,0,1,0,1,1,1,1,0,1
0,0,1,1,0,1,0,1,1,1,1,0,0,0,0,1,0,0,1,1,1,1,1,1,0
1,1,1,1,1,1,1,1,1,0,1,1,1,1,1,1,1,1,1,1,0,1,1,1,1
1,1,1,1,1,1,1,1,0,1,1,1,1,1,1,1,1,1,1,1,1,0,0,1,1
1,1,1,1,1,1,1,1,1,1,1,1,0,1,1,1,0,1,1,0,0,1,1,0,0
1,1,0,1,0,1,0,1,0,1,0,1,1,1,1,0,0,0,1,0,0,0,1,0,1
1,1,1,1,1,1,1,1,1,1,1,1,1,1,1,1,1,0,1,1,0,1,1,1,1
0,1,0,1,1,1,1,0,1,1,0,0,1,1,1,1,0,0,1,1,0,1,1,0,1
1,1,1,1,1,1,0,1,1,1,1,1,1,1,0,1,1,1,1,1,1,1,0,0,1
1,1,0,1,1,1,1,1,1,1,1,1,1,1,1,1,1,1,1,1,1,1,1,1,1
NA,NA,NA,NA,NA,NA,NA,NA,NA,NA,NA,NA,NA,NA,NA,NA,NA,NA,NA,NA,NA,NA,NA,NA,NA
1,1,1,1,1,1,1,1,1,1,1,0,1,0,1,1,1,1,1,1,0,1,1,1,0
1,1,0,1,1,1,0,1,1,0,0,1,1,0,1,1,0,1,1,1,0,1,1,0,1
1,0,1,1,1,1,1,0,1,1,1,1,1,1,0,1,0,1,1,0,0,0,1,1,1
1,1,0,0,1,1,1,1,0,1,1,1,1,1,1,1,0,1,1,1,0,1,1,0,0
NA,NA,NA,NA,NA,NA,NA,NA,NA,NA,NA,NA,NA,NA,NA,NA,NA,NA,NA,NA,NA,NA,NA,NA,NA
1,0,0,1,1,0,0,0,1,0,0,1,1,1,1,1,0,1,1,0,0,0,0,0,0
0,1,0,1,1,1,1,1,1,0,1,1,1,1,1,1,1,1,1,0,0,1,1,1,1
0,1,1,1,1,1,0,1,1,1,1,0,1,1,1,0,0,1,1,1,1,1,1,1,1
NA,NA,NA,NA,NA,NA,NA,NA,NA,NA,NA,NA,NA,NA,NA,NA,NA,NA,NA,NA,NA,NA,NA,NA,NA
0,1,1,1,1,0,1,1,1,1,1,0,1,1,0,1,1,0,1,1,1,1,1,1,0
1,1,0,1,1,1,1,1,0,1,1,1,1,1,1,1,1,1,1,1,1,1,1,0,1
0,1,1,1,1,1,1,1,0,0,0,0,1,0,1,0,1,1,1,0,1,1,0,1,1
1,1,1,1,0,1,1,1,1,1,1,1,1,0,1,1,0,1,1,1,0,1,1,0,1
1,1,1,1,1,0,1,1,1,1,1,1,1,1,1,1,0,0,0,1,1,0,1,0,1
1,1,1,1,1,1,1,1,1,1,1,1,1,1,1,1,1,0,1,1,1,1,0,0,1
NA,NA,NA,NA,NA,NA,NA,NA,NA,NA,NA,NA,NA,NA,NA,NA,NA,NA,NA,NA,NA,NA,NA,NA,NA
1,1,1,1,1,1,1,1,1,1,1,0,1,1,1,1,1,0,0,0,1,1,1,1,1
1,1,0,1,0,1,1,1,1,1,1,0,1,1,0,1,0,1,1,1,0,1,1,1,1
1,1,1,1,1,1,1,1,1,1,1,1,1,1,0,1,1,1,1,1,1,1,1,1,1
1,1,0,1,1,1,1,1,1,1,1,1,1,1,1,1,1,1,1,1,1,1,1,1,1
1,0,1,1,1,1,1,1,1,0,1,1,1,1,0,1,1,1,1,0,1,1,0,0,1
1,1,0,1,1,1,1,1,0,1,1,1,1,0,0,0,0,1,1,0,0,0,0,0,1
1,1,0,1,1,1,1,1,1,1,1,1,1,1,1,1,1,0,1,1,1,1,1,0,1
1,1,1,0,1,1,0,1,1,1,0,1,1,1,1,1,0,1,1,0,1,1,1,1,1
1,1,0,1,1,1,1,1,0,1,1,1,1,0,1,1,1,1,1,1,1,1,0,0,1
1,1,0,1,1,1,1,0,1,0,1,1,1,0,1,1,1,1,1,0,0,1,0,0,0
1,1,1,1,1,1,1,1,1,1,1,1,1,1,1,1,1,1,1,1,1,1,1,1,0
0,1,0,1,0,1,1,1,1,1,1,1,0,0,1,1,1,1,1,0,1,0,1,0,1
1,1,1,0,1,1,1,1,1,1,1,1,1,1,1,1,1,1,1,0,0,0,0,0,1
1,1,1,1,0,1,1,1,1,1,1,1,1,1,1,1,1,1,1,0,1,1,1,0,0
NA,NA,NA,NA,NA,NA,NA,NA,NA,NA,NA,NA,NA,NA,NA,NA,NA,NA,NA,NA,NA,NA,NA,NA,NA
0,1,0,1,0,1,0,0,0,1,0,1,1,1,0,1,1,1,1,0,0,0,1,0,1
NA,NA,NA,NA,NA,NA,NA,NA,NA,NA,NA,NA,NA,NA,NA,NA,NA,NA,NA,NA,NA,NA,NA,NA,NA
1,1,1,1,1,1,1,1,1,1,1,1,1,1,1,1,1,1,1,1,1,1,1,1,1
1,1,0,1,1,1,1,1,1,1,1,1,1,1,1,1,1,0,1,1,1,1,1,1,1
1,1,0,1,1,1,1,1,1,1,1,1,1,0,1,1,1,1,1,1,1,1,1,1,1
1,1,1,1,1,1,1,1,0,1,1,1,1,0,1,1,1,1,1,0,1,1,1,1,1
1,1,1,1,1,1,1,1,0,1,1,1,1,1,1,0,0,1,1,1,0,0,0,1,1
0,1,1,0,0,1,0,1,0,1,0,0,1,0,0,1,0,0,1,0,0,0,1,1,1
1,1,1,0,1,1,1,1,0,1,1,1,1,1,1,1,0,1,1,1,0,1,1,1,0
NA,NA,NA,NA,NA,NA,NA,NA,NA,NA,NA,NA,NA,NA,NA,NA,NA,NA,NA,NA,NA,NA,NA,NA,NA
1,1,0,1,1,1,1,0,1,1,1,1,1,1,0,1,0,1,1,1,0,1,1,1,1
1,0,0,1,1,1,1,1,0,0,1,0,1,1,1,1,1,1,1,1,1,1,1,1,1
1,1,0,1,1,1,0,1,1,0,0,0,1,0,1,0,0,0,1,0,0,0,0,0,1
1,1,1,1,0,1,1,1,0,0,1,1,1,1,1,1,1,1,1,1,0,1,1,1,1
1,1,1,0,0,1,1,1,0,1,0,1,0,0,0,1,0,1,1,0,0,1,1,0,1
1,1,1,1,1,1,0,1,1,1,1,1,1,1,0,1,1,1,1,0,1,1,1,0,1
1,1,1,1,0,0,1,1,1,0,1,0,1,1,1,0,1,1,0,0,0,0,1,0,0
0,1,1,1,0,1,1,1,0,0,0,1,1,1,0,1,0,1,1,0,0,0,0,0,0
1,1,0,1,1,1,1,1,1,1,1,1,1,1,1,1,1,0,0,1,0,1,1,0,1
1,1,0,1,0,1,1,1,0,1,1,1,1,1,1,1,0,1,0,1,0,1,1,1,1
0,1,0,1,1,0,1,1,1,0,1,1,1,1,0,1,0,1,0,1,1,0,1,0,1
NA,NA,NA,NA,NA,NA,NA,NA,NA,NA,NA,NA,NA,NA,NA,NA,NA,NA,NA,NA,NA,NA,NA,NA,NA
1,1,0,1,1,1,1,1,0,1,1,1,1,1,1,1,1,1,1,0,1,1,1,1,1
1,1,1,1,0,1,1,1,1,1,1,1,0,1,0,1,0,1,1,1,1,1,1,0,1
1,1,0,1,0,1,1,1,0,0,1,0,1,1,0,1,0,1,1,1,0,1,1,0,1
1,0,1,0,0,1,1,1,0,0,1,1,0,1,0,1,1,1,1,0,1,1,1,0,0
1,1,1,1,1,0,1,1,1,1,0,1,1,1,1,1,1,0,1,0,1,1,1,0,1
1,1,0,1,1,1,1,1,0,1,1,1,1,1,1,1,0,1,1,0,1,1,0,1,0
1,1,1,1,1,1,1,1,0,1,0,1,1,1,1,1,1,1,1,1,1,1,1,1,0
1,1,1,1,1,1,1,1,1,1,1,1,0,1,1,1,0,1,1,1,1,1,0,1,1
1,1,1,1,1,1,1,1,1,1,1,0,1,0,1,1,1,1,1,0,1,1,1,1,1
NA,NA,NA,NA,NA,NA,NA,NA,NA,NA,NA,NA,NA,NA,NA,NA,NA,NA,NA,NA,NA,NA,NA,NA,NA
1,1,1,1,1,1,1,1,1,1,1,1,1,1,0,1,1,0,1,1,1,1,1,1,0
NA,NA,NA,NA,NA,NA,NA,NA,NA,NA,NA,NA,NA,NA,NA,NA,NA,NA,NA,NA,NA,NA,NA,NA,NA
1,1,0,1,1,1,1,1,1,1,1,0,0,1,1,1,0,1,1,1,1,1,1,1,1
NA,NA,NA,NA,NA,NA,NA,NA,NA,NA,NA,NA,NA,NA,NA,NA,NA,NA,NA,NA,NA,NA,NA,NA,NA
NA,NA,NA,NA,NA,NA,NA,NA,NA,NA,NA,NA,NA,NA,NA,NA,NA,NA,NA,NA,NA,NA,NA,NA,NA
NA,NA,NA,NA,NA,NA,NA,NA,NA,NA,NA,NA,NA,NA,NA,NA,NA,NA,NA,NA,NA,NA,NA,NA,NA
1,1,1,0,0,0,0,1,0,1,1,1,1,0,1,1,0,0,1,0,1,0,1,0,0
0,0,0,0,0,0,0,1,1,0,0,0,0,1,0,1,0,0,1,0,0,0,0,0,1
NA,NA,NA,NA,NA,NA,NA,NA,NA,NA,NA,NA,NA,NA,NA,NA,NA,NA,NA,NA,NA,NA,NA,NA,NA
1,1,1,1,1,1,1,0,0,1,1,1,1,1,1,1,1,1,0,0,1,1,1,0,1
1,1,1,1,1,1,1,1,1,1,0,1,1,1,0,1,1,1,1,1,1,1,0,0,1
1,1,0,1,1,0,1,1,1,1,0,1,1,1,1,0,1,1,1,0,1,1,1,1,1
0,0,0,1,0,0,0,0,0,1,0,0,1,0,0,1,0,1,1,1,0,0,1,0,0
1,1,0,1,0,1,1,1,1,1,0,0,1,1,1,1,0,0,1,0,0,1,1,0,1
1,1,0,0,0,0,1,1,0,1,0,0,0,1,0,0,0,0,1,1,0,0,1,0,0
1,1,0,1,1,1,1,1,1,1,1,1,0,1,0,1,0,1,1,0,1,1,1,0,1
1,1,0,1,1,1,1,1,1,0,1,1,1,1,0,1,1,1,1,0,1,1,1,0,1
1,1,1,0,0,1,1,1,0,1,0,1,1,0,0,0,1,1,1,0,0,1,0,0,1
0,1,0,1,1,0,1,1,1,1,0,1,1,1,0,0,0,0,1,0,1,1,0,0,0
1,0,0,1,0,0,1,1,1,1,1,0,1,0,0,0,0,1,1,0,0,1,0,1,1
1,0,1,1,0,0,0,1,1,0,0,0,0,1,0,0,0,1,1,0,1,1,1,0,0
1,1,0,1,1,0,0,1,1,1,0,0,1,1,1,1,0,1,1,1,0,1,1,1,0
0,0,0,1,0,0,0,1,0,0,0,0,1,1,1,0,0,1,1,0,0,1,0,1,0
1,0,1,1,1,1,0,1,0,0,0,1,1,1,0,0,0,1,1,0,0,1,1,1,0
1,1,1,1,1,0,1,1,1,1,1,1,1,1,1,1,0,0,1,1,1,1,1,1,1
1,1,1,1,1,1,1,1,0,1,0,1,1,1,0,0,0,1,1,0,1,1,1,1,1
1,1,0,0,0,0,1,1,0,1,0,0,1,1,0,0,0,1,1,0,0,1,1,0,1
1,0,0,0,0,1,0,1,0,1,0,1,0,0,0,0,0,0,1,1,0,1,1,0,0
1,0,1,0,0,0,1,1,0,0,0,1,1,0,0,0,0,1,1,0,1,0,0,0,1
1,1,0,1,0,1,1,1,1,1,0,0,1,1,1,1,0,0,1,0,0,1,1,0,1
1,1,1,1,1,1,1,1,1,1,0,1,1,1,0,1,0,0,1,0,1,0,1,1,1
1,0,0,0,0,0,0,1,0,1,1,0,1,0,0,1,0,0,1,0,0,0,1,0,0
1,1,0,0,1,1,1,1,0,1,1,0,1,1,1,1,1,0,1,1,1,0,0,1,1
1,1,1,0,0,1,1,1,0,1,0,1,1,0,0,0,1,1,1,0,0,1,0,0,1
1,1,1,0,1,1,1,1,0,1,1,1,0,1,0,0,1,0,1,0,0,0,0,0,1
1,1,0,0,0,0,0,0,0,0,0,0,1,1,1,0,0,0,1,0,0,1,0,0,0
1,1,1,1,1,1,1,1,0,1,0,1,1,1,1,1,1,1,1,0,1,1,1,1,0
1,1,0,0,0,1,0,0,0,1,0,0,0,0,0,0,0,0,1,0,0,1,0,0,0
0,1,1,1,0,1,1,1,1,1,0,0,0,0,1,0,1,0,1,0,0,1,0,0,1
0,1,0,0,0,0,0,1,0,0,0,0,1,0,0,0,0,0,1,0,0,0,0,0,1
1,1,1,0,1,1,1,1,1,0,1,1,1,1,1,0,1,1,1,0,0,0,1,1,1
1,1,0,1,1,1,1,1,0,1,0,1,1,1,0,0,1,0,1,0,1,0,1,0,0
1,1,1,1,0,1,1,1,0,1,1,1,1,1,0,1,0,1,1,0,0,1,0,1,1
0,1,1,1,0,1,1,1,0,1,1,0,1,1,0,1,0,0,0,0,1,0,1,0,0
0,0,0,0,0,1,1,1,0,0,0,1,1,1,0,1,0,1,1,0,0,0,0,1,0
1,0,0,1,0,1,1,1,0,0,0,1,1,0,0,1,0,1,1,0,0,0,0,0,1
0,1,0,0,0,0,0,1,0,0,0,0,1,0,0,0,0,0,0,0,1,1,1,0,0
0,1,0,0,0,0,0,1,0,0,0,0,0,1,0,1,0,1,1,0,0,0,0,0,1
0,1,1,1,0,0,1,1,1,1,0,1,0,0,1,0,0,0,1,0,1,1,0,0,0
1,1,1,1,0,1,1,1,1,1,0,1,1,0,0,0,0,0,1,0,0,0,0,1,0
0,1,1,0,1,0,1,0,0,1,0,1,1,1,1,0,1,0,1,0,0,0,1,0,0
0,1,0,0,1,0,1,0,0,0,0,1,1,1,1,1,0,1,1,0,0,0,0,1,0
NA,NA,NA,NA,NA,NA,NA,NA,NA,NA,NA,NA,NA,NA,NA,NA,NA,NA,NA,NA,NA,NA,NA,NA,NA
NA,NA,NA,NA,NA,NA,NA,NA,NA,NA,NA,NA,NA,NA,NA,NA,NA,NA,NA,NA,NA,NA,NA,NA,NA
1,1,1,1,1,1,1,1,1,1,1,0,1,1,0,0,1,1,1,0,1,1,1,1,1
1,0,0,1,0,1,1,1,1,0,0,0,0,0,0,0,1,0,1,0,0,0,0,1,1
1,1,0,1,1,1,1,1,0,0,0,0,0,1,1,0,0,0,1,0,1,0,0,0,0
NA,NA,NA,NA,NA,NA,NA,NA,NA,NA,NA,NA,NA,NA,NA,NA,NA,NA,NA,NA,NA,NA,NA,NA,NA
1,1,0,1,1,0,1,1,1,1,1,1,1,0,0,0,0,0,1,0,1,0,0,0,0
1,1,1,1,1,1,1,1,1,0,1,1,1,1,0,0,1,1,1,0,1,1,1,1,0
0,0,0,1,0,1,1,1,1,0,0,1,1,1,0,0,0,0,1,0,1,0,1,1,1
1,1,1,1,1,1,1,1,1,0,1,1,1,0,0,1,1,1,1,1,1,1,0,1,0
1,1,0,0,1,1,0,1,1,0,0,0,1,1,1,0,0,0,1,0,0,0,0,0,0
1,1,1,1,1,1,1,1,0,1,1,1,1,1,1,0,1,0,1,0,1,0,0,0,0
1,1,1,0,0,1,1,1,0,0,0,1,1,1,1,0,1,1,1,0,1,0,0,1,1
1,0,0,1,1,1,1,1,0,1,1,0,1,1,0,0,1,0,1,0,1,0,0,1,0
0,0,0,0,0,1,0,0,0,0,0,1,0,0,1,1,1,0,1,0,0,1,0,0,0
1,1,0,1,1,1,0,1,1,1,1,1,1,1,0,0,1,0,1,0,1,0,0,1,1
1,0,0,0,1,0,1,1,0,0,1,0,0,0,1,1,1,0,1,0,1,0,0,1,1
1,0,0,0,0,1,1,1,0,0,1,0,0,1,1,0,0,1,1,0,0,0,0,1,0
1,1,1,0,0,1,1,1,0,0,1,0,1,1,1,1,1,1,1,0,1,0,1,1,0
0,1,1,0,1,0,0,1,1,0,0,0,1,1,0,1,0,1,1,0,0,0,0,0,0
1,1,0,1,1,1,1,1,1,1,1,0,1,0,1,1,0,1,1,0,1,1,1,1,1
1,1,0,1,1,0,1,1,0,0,1,0,1,1,0,1,1,0,1,0,1,1,1,0,0
NA,NA,NA,NA,NA,NA,NA,NA,NA,NA,NA,NA,NA,NA,NA,NA,NA,NA,NA,NA,NA,NA,NA,NA,NA
NA,NA,NA,NA,NA,NA,NA,NA,NA,NA,NA,NA,NA,NA,NA,NA,NA,NA,NA,NA,NA,NA,NA,NA,NA
0,1,0,1,0,0,1,1,0,0,0,1,1,0,0,1,0,0,0,0,1,0,0,1,0
1,1,1,1,1,1,1,1,1,0,1,1,1,0,0,1,1,1,1,1,1,1,1,1,1
1,1,1,1,1,1,1,1,0,1,0,0,1,1,0,1,0,1,1,1,1,1,1,1,1
1,1,1,0,0,1,1,1,0,0,1,0,1,0,0,0,0,0,1,0,0,1,0,0,0
1,1,1,1,1,1,1,0,1,0,0,0,1,1,0,0,0,0,1,0,1,1,0,1,0
1,1,0,0,0,1,1,0,0,1,0,1,0,0,0,1,0,0,1,0,1,1,0,0,1
1,1,1,1,1,0,1,1,1,1,0,0,1,1,0,1,1,1,1,0,1,1,0,0,1
1,0,0,0,1,0,1,1,0,1,1,1,1,0,0,0,1,0,1,0,1,1,1,1,0
1,1,0,1,0,1,1,1,1,0,1,0,1,1,0,1,1,1,1,0,1,1,0,1,0
NA,NA,NA,NA,NA,NA,NA,NA,NA,NA,NA,NA,NA,NA,NA,NA,NA,NA,NA,NA,NA,NA,NA,NA,NA
0,1,1,0,1,1,0,0,1,0,0,0,1,0,0,1,1,0,1,0,0,0,0,0,1
1,0,0,1,1,1,1,0,0,1,0,1,0,1,0,1,0,1,1,0,0,0,0,0,1
NA,NA,NA,NA,NA,NA,NA,NA,NA,NA,NA,NA,NA,NA,NA,NA,NA,NA,NA,NA,NA,NA,NA,NA,NA
NA,NA,NA,NA,NA,NA,NA,NA,NA,NA,NA,NA,NA,NA,NA,NA,NA,NA,NA,NA,NA,NA,NA,NA,NA
1,1,0,1,1,1,1,1,1,0,1,0,1,0,1,1,1,1,1,0,1,1,0,1,1
1,0,1,0,1,1,0,1,0,0,0,0,0,1,1,0,1,0,1,0,1,0,0,1,0
1,1,1,1,1,1,0,1,1,1,1,0,1,1,0,1,0,0,1,1,1,0,1,1,1
0,0,1,1,0,1,1,1,1,1,0,0,0,0,0,1,0,0,0,0,1,0,0,0,0
0,0,0,0,0,1,0,0,0,0,0,0,1,1,0,0,0,0,1,0,1,0,0,0,0
1,0,1,1,1,0,1,1,1,0,1,0,1,1,1,1,1,1,1,0,1,1,0,0,1
NA,NA,NA,NA,NA,NA,NA,NA,NA,NA,NA,NA,NA,NA,NA,NA,NA,NA,NA,NA,NA,NA,NA,NA,NA
1,1,0,1,0,1,0,1,0,0,0,1,0,1,1,0,0,1,1,0,0,1,0,0,0
1,1,1,1,1,1,1,1,0,0,1,1,1,1,0,0,1,1,1,0,1,0,1,0,0
1,0,0,1,1,1,0,1,1,0,0,0,1,0,0,0,0,0,1,0,1,0,0,0,1
1,1,1,1,1,0,1,1,1,1,1,1,1,1,1,1,1,1,1,1,1,0,1,1,0
0,1,0,1,1,1,1,1,1,0,1,1,0,0,1,0,1,1,1,0,1,0,0,1,0
0,1,0,0,0,0,0,1,1,0,0,0,1,1,0,0,0,1,1,0,0,0,0,0,0
0,1,0,1,0,0,0,1,0,0,0,1,1,0,1,0,0,0,1,0,0,0,0,0,1
0,1,1,1,1,1,1,1,0,1,0,1,0,0,0,1,0,1,1,1,1,1,1,1,1
1,0,1,1,1,0,0,1,0,0,0,1,0,0,0,1,1,0,1,0,0,0,0,0,1
1,0,0,1,0,1,0,0,0,0,1,1,0,1,0,0,1,0,1,0,1,0,0,0,1
1,1,0,1,0,1,1,1,1,0,1,1,1,1,1,1,1,0,1,0,1,0,0,1,1
NA,NA,NA,NA,NA,NA,NA,NA,NA,NA,NA,NA,NA,NA,NA,NA,NA,NA,NA,NA,NA,NA,NA,NA,NA
NA,NA,NA,NA,NA,NA,NA,NA,NA,NA,NA,NA,NA,NA,NA,NA,NA,NA,NA,NA,NA,NA,NA,NA,NA
0,0,1,0,1,0,0,0,1,1,1,1,0,0,1,1,0,0,0,0,0,0,0,0,0
0,1,1,0,1,1,0,1,0,0,0,1,0,0,0,0,1,0,1,0,0,1,0,0,1
1,1,0,1,1,1,1,1,1,0,1,1,0,1,1,1,1,0,1,1,1,1,1,0,1
1,0,0,1,1,1,1,0,0,0,0,1,1,1,1,1,0,0,1,0,1,0,0,0,0
NA,NA,NA,NA,NA,NA,NA,NA,NA,NA,NA,NA,NA,NA,NA,NA,NA,NA,NA,NA,NA,NA,NA,NA,NA
0,1,0,0,0,1,0,1,0,0,0,0,1,1,0,0,0,0,1,0,1,0,0,0,1
0,1,1,1,1,1,0,1,0,1,1,0,1,1,0,0,1,0,1,0,0,0,0,1,1
1,0,0,0,0,0,1,0,0,0,0,0,1,0,0,0,1,0,1,0,1,0,1,0,1
0,1,0,1,0,1,0,0,1,0,0,0,0,1,0,0,0,0,1,0,0,0,0,0,0
1,0,0,1,0,0,0,1,0,0,0,1,1,0,0,1,0,0,0,0,0,0,1,0,1
1,0,1,1,1,1,1,1,0,1,0,1,1,1,0,1,1,1,1,0,1,0,0,1,1
1,1,0,1,1,1,0,1,0,0,1,1,0,0,1,1,1,0,1,0,1,0,0,1,1
1,1,0,1,0,0,0,1,0,0,0,0,0,1,1,0,0,1,1,0,0,0,1,0,0
1,1,0,1,1,1,1,1,0,0,0,0,1,1,0,1,1,1,1,0,0,0,1,0,1
0,1,1,1,0,0,0,0,0,0,0,0,0,1,0,1,1,0,1,0,0,0,0,0,0
1,1,0,1,0,0,0,0,1,0,0,0,0,0,0,0,0,1,1,0,0,0,0,0,1
0,1,1,0,0,0,0,0,0,0,0,0,1,0,0,0,1,0,1,0,1,0,0,0,1
0,1,1,1,1,1,1,1,0,0,0,1,1,1,1,0,1,0,1,0,1,1,0,1,1
0,1,1,0,0,0,0,1,0,0,0,0,0,1,0,0,1,0,0,0,1,0,0,0,1
1,1,0,0,1,1,1,1,1,1,0,0,1,1,0,1,1,0,1,1,1,1,0,1,1
NA,NA,NA,NA,NA,NA,NA,NA,NA,NA,NA,NA,NA,NA,NA,NA,NA,NA,NA,NA,NA,NA,NA,NA,NA
1,1,0,1,1,1,1,0,1,0,1,1,1,0,0,1,1,1,1,0,1,0,0,0,0
1,0,0,1,1,1,0,0,0,1,1,0,0,1,1,0,1,0,1,0,0,1,0,0,0
1,1,1,1,1,1,1,1,1,0,1,0,1,1,0,0,0,1,1,1,1,1,0,1,1
0,1,1,1,0,0,1,1,0,0,1,0,1,0,1,0,0,0,0,0,0,0,1,0,0
0,0,0,1,1,1,1,1,0,0,0,0,1,0,0,0,0,1,0,0,1,0,0,1,0
1,1,0,1,1,1,1,1,1,0,1,0,1,1,1,0,0,1,1,0,1,1,0,1,0
1,0,1,1,1,0,1,0,1,0,0,0,1,1,0,1,0,1,1,0,0,0,0,1,1
1,0,0,1,0,1,0,0,0,0,0,0,0,1,0,0,0,0,1,0,0,0,0,1,0
0,1,1,0,0,1,0,1,0,0,0,1,1,1,0,0,1,1,1,1,1,1,0,1,1
1,1,0,1,1,1,1,1,0,1,1,0,1,0,1,0,0,1,1,0,1,1,0,1,1
1,0,1,1,1,0,1,1,1,1,1,1,1,1,0,0,1,0,0,1,1,0,1,1,1
1,0,1,1,1,0,1,0,0,0,0,1,0,0,0,1,0,0,0,0,0,0,0,0,1
NA,NA,NA,NA,NA,NA,NA,NA,NA,NA,NA,NA,NA,NA,NA,NA,NA,NA,NA,NA,NA,NA,NA,NA,NA
NA,NA,NA,NA,NA,NA,NA,NA,NA,NA,NA,NA,NA,NA,NA,NA,NA,NA,NA,NA,NA,NA,NA,NA,NA
1,1,1,0,1,1,0,1,1,0,1,1,1,1,0,0,0,1,1,0,0,1,0,1,0
0,1,0,1,1,0,1,0,1,1,0,0,1,0,0,0,1,0,1,0,1,0,0,0,0
0,1,1,1,1,0,1,1,0,0,0,0,1,0,1,0,1,1,1,1,0,1,1,1,0
1,1,0,1,1,1,1,1,1,1,1,0,1,0,0,0,0,0,1,0,0,1,0,1,0
0,1,0,0,1,1,1,1,1,1,0,1,1,0,0,0,0,1,1,0,1,0,0,1,1
NA,NA,NA,NA,NA,NA,NA,NA,NA,NA,NA,NA,NA,NA,NA,NA,NA,NA,NA,NA,NA,NA,NA,NA,NA
1,1,1,1,0,1,1,1,0,0,0,0,1,1,1,1,0,1,1,1,1,1,1,0,0
1,1,1,0,1,1,1,1,1,0,0,1,1,1,0,0,0,0,1,0,0,1,0,1,1
1,1,1,0,1,1,1,1,1,0,0,0,1,0,0,1,1,1,1,1,1,1,0,1,1
0,1,0,1,1,1,0,1,0,0,0,0,0,0,1,1,0,1,1,0,0,0,0,0,0
NA,NA,NA,NA,NA,NA,NA,NA,NA,NA,NA,NA,NA,NA,NA,NA,NA,NA,NA,NA,NA,NA,NA,NA,NA
1,1,1,0,0,1,1,1,0,0,0,0,0,1,0,1,1,0,1,1,0,0,0,0,0
NA,NA,NA,NA,NA,NA,NA,NA,NA,NA,NA,NA,NA,NA,NA,NA,NA,NA,NA,NA,NA,NA,NA,NA,NA
NA,NA,NA,NA,NA,NA,NA,NA,NA,NA,NA,NA,NA,NA,NA,NA,NA,NA,NA,NA,NA,NA,NA,NA,NA
0,1,0,1,1,0,0,1,0,0,0,0,1,1,0,1,0,0,1,0,1,0,1,0,1
0,0,0,0,0,0,1,1,1,0,1,0,0,0,0,1,0,0,1,0,0,0,0,0,0
1,1,1,1,1,1,1,1,0,0,0,0,1,0,1,1,1,1,1,0,1,1,1,0,1
1,0,0,1,0,1,1,1,0,1,1,1,1,0,0,0,0,0,1,0,0,0,0,1,0
0,1,0,0,1,1,0,1,0,0,0,0,0,1,1,0,0,0,1,0,0,0,0,0,0
0,1,0,1,0,1,0,1,1,0,1,1,0,0,0,0,0,1,1,0,0,0,1,1,0
0,0,1,0,0,1,1,1,1,0,1,0,1,0,0,0,1,0,1,0,0,0,0,1,0
1,1,0,1,1,1,0,1,1,0,1,0,1,1,1,1,1,1,1,0,1,0,0,1,1
1,1,1,1,1,1,1,1,1,0,0,0,1,1,1,1,1,0,1,0,1,1,0,1,1
1,1,1,1,1,1,1,1,0,1,1,1,1,0,0,1,1,1,1,0,1,1,0,1,1
NA,NA,NA,NA,NA,NA,NA,NA,NA,NA,NA,NA,NA,NA,NA,NA,NA,NA,NA,NA,NA,NA,NA,NA,NA
1,1,1,0,0,0,0,1,0,0,0,0,0,0,0,0,1,0,0,1,0,0,0,1,0
1,1,1,1,1,1,1,1,1,0,1,1,1,1,0,0,1,0,0,0,0,1,0,1,0
1,0,1,0,1,0,1,1,0,1,0,0,1,0,0,0,1,1,1,1,1,0,0,0,0
NA,NA,NA,NA,NA,NA,NA,NA,NA,NA,NA,NA,NA,NA,NA,NA,NA,NA,NA,NA,NA,NA,NA,NA,NA
1,1,0,1,0,0,1,0,0,0,0,1,1,0,1,0,0,0,1,1,0,0,0,1,0
0,1,0,1,0,0,1,1,0,0,1,0,1,0,0,0,1,1,1,0,0,0,1,1,0
0,0,1,0,0,0,1,0,0,1,1,1,0,1,1,0,1,0,0,1,1,0,0,0,0
1,1,1,1,1,1,1,1,1,0,0,0,1,1,0,1,1,0,1,1,1,1,0,0,0
1,0,0,1,1,0,1,0,0,0,0,0,1,0,0,0,0,0,0,0,0,0,1,0,1
1,0,0,1,1,1,1,0,0,0,1,1,1,1,0,0,0,1,0,0,0,1,0,0,1
1,1,1,1,0,1,1,1,0,0,0,0,1,1,1,1,0,0,1,1,0,1,0,1,0
1,0,0,1,0,1,1,0,1,1,0,1,0,1,0,0,1,0,1,0,1,0,0,0,1
0,0,0,0,0,0,1,1,1,0,1,1,1,1,1,0,0,0,1,0,1,1,0,0,1
1,1,1,1,1,1,1,1,0,0,1,0,1,0,1,0,1,1,1,0,1,1,1,1,0
1,0,1,1,1,0,1,1,1,1,1,1,0,1,1,1,0,1,1,0,1,1,0,1,0
1,1,1,1,1,1,1,1,1,0,1,0,1,0,1,1,1,1,1,0,1,0,0,1,1
1,1,0,1,1,1,1,1,1,1,0,0,1,0,1,1,1,1,1,0,0,0,0,0,0
0,1,1,0,1,0,0,1,0,1,0,0,0,1,0,0,0,1,0,0,0,1,0,0,0
0,0,0,0,1,1,1,1,1,0,0,0,1,1,1,1,0,0,1,0,1,0,0,0,1
1,0,1,1,1,1,1,1,1,0,1,1,1,1,0,0,1,1,1,0,1,1,0,0,0
NA,NA,NA,NA,NA,NA,NA,NA,NA,NA,NA,NA,NA,NA,NA,NA,NA,NA,NA,NA,NA,NA,NA,NA,NA
0,0,1,0,0,1,1,0,0,0,0,0,1,0,0,0,1,0,1,0,0,0,1,0,0
1,1,0,0,1,0,1,0,1,0,1,0,0,0,0,1,0,0,1,0,1,0,0,0,0
1,1,0,1,1,1,0,1,0,0,1,1,0,0,1,1,1,1,1,0,1,0,0,0,1
1,1,1,1,1,1,0,0,0,0,0,0,1,1,0,1,1,0,0,0,0,0,1,0,0
1,1,1,1,1,1,1,1,1,0,1,0,1,0,1,0,1,0,1,0,0,0,1,0,0
NA,NA,NA,NA,NA,NA,NA,NA,NA,NA,NA,NA,NA,NA,NA,NA,NA,NA,NA,NA,NA,NA,NA,NA,NA
1,1,1,1,1,1,1,1,1,0,0,1,1,1,1,1,0,1,1,0,0,1,1,1,1
1,0,1,1,1,0,0,1,1,0,1,0,1,0,0,1,1,0,0,0,1,0,1,1,1
1,1,0,1,1,1,1,1,1,0,1,0,1,1,0,0,1,0,1,0,0,1,1,0,1
1,1,0,0,1,1,1,1,1,0,1,1,1,1,1,1,1,1,1,1,1,0,1,1,1
1,1,1,1,1,1,1,1,0,1,0,1,1,1,0,0,1,1,1,0,1,0,1,0,0
0,1,0,1,0,1,1,1,1,0,1,1,1,1,1,0,1,0,1,0,0,1,0,0,0
0,0,1,0,1,0,1,1,1,0,0,0,0,0,1,0,0,0,1,0,1,1,0,0,0
1,1,0,1,1,1,1,1,1,0,1,1,1,1,1,1,1,1,1,1,1,1,0,1,1
1,1,0,1,1,1,1,1,1,0,1,0,1,1,1,0,0,0,1,0,1,1,1,0,1
1,0,1,1,1,1,1,1,0,1,1,0,1,1,1,0,1,0,1,0,1,1,0,1,1
NA,NA,NA,NA,NA,NA,NA,NA,NA,NA,NA,NA,NA,NA,NA,NA,NA,NA,NA,NA,NA,NA,NA,NA,NA
1,1,0,1,1,0,1,0,1,1,1,1,0,0,0,0,0,0,1,0,0,0,0,0,1
1,1,0,1,1,1,1,1,0,1,0,0,0,0,0,1,1,0,1,0,1,0,1,0,1
1,1,0,1,1,1,0,1,1,0,0,0,1,1,0,1,1,1,1,1,1,1,1,1,1
1,0,0,0,1,1,1,1,1,0,0,0,1,0,0,1,1,0,1,1,0,1,0,1,0
1,1,0,1,1,1,1,1,1,0,0,0,1,1,1,1,1,1,1,0,1,1,0,0,1
1,1,0,1,1,0,1,1,0,0,0,0,1,0,0,0,0,0,1,0,1,0,0,1,1
0,1,0,0,0,1,0,0,0,0,0,0,0,0,1,1,0,1,1,0,0,0,0,1,1
1,0,0,1,1,1,1,1,1,0,0,1,1,0,0,0,1,0,1,0,0,0,1,1,0
0,1,0,1,0,1,0,1,0,1,0,0,1,1,0,1,0,0,1,0,0,1,0,0,0
NA,NA,NA,NA,NA,NA,NA,NA,NA,NA,NA,NA,NA,NA,NA,NA,NA,NA,NA,NA,NA,NA,NA,NA,NA
1,0,1,1,1,0,0,1,1,0,1,0,1,0,0,1,1,0,0,0,1,0,1,1,0
1,1,0,1,1,0,1,0,1,0,0,1,1,0,1,0,1,0,1,0,0,0,0,0,0
1,1,0,1,0,1,0,1,0,1,1,0,0,1,0,0,0,0,1,0,0,0,0,0,0
1,0,1,1,0,0,1,1,0,0,1,0,1,1,0,1,1,1,1,1,0,1,0,1,1
1,1,0,1,1,0,1,1,0,0,0,0,0,0,0,1,1,0,1,0,0,0,0,0,0
1,0,1,0,0,1,1,1,1,0,0,0,1,1,0,0,1,0,1,0,1,1,0,0,1
1,1,1,1,1,1,1,1,1,0,0,1,1,1,1,1,1,1,1,1,0,1,0,1,1
NA,NA,NA,NA,NA,NA,NA,NA,NA,NA,NA,NA,NA,NA,NA,NA,NA,NA,NA,NA,NA,NA,NA,NA,NA
1,0,1,0,0,1,1,1,0,0,0,0,1,1,1,0,1,0,1,1,0,0,0,1,1
1,1,1,1,1,1,1,1,1,0,0,1,1,1,0,1,0,0,1,0,0,1,0,0,1
1,1,1,1,1,0,1,1,0,0,1,1,1,1,1,0,0,1,1,0,0,1,0,0,0
NA,NA,NA,NA,NA,NA,NA,NA,NA,NA,NA,NA,NA,NA,NA,NA,NA,NA,NA,NA,NA,NA,NA,NA,NA
0,1,1,1,0,0,1,1,0,0,1,1,1,1,0,0,1,0,1,0,1,0,0,1,1
NA,NA,NA,NA,NA,NA,NA,NA,NA,NA,NA,NA,NA,NA,NA,NA,NA,NA,NA,NA,NA,NA,NA,NA,NA
1,0,0,1,1,1,1,1,0,0,0,1,1,0,0,0,1,0,1,0,0,0,0,1,0
0,1,1,0,0,1,0,0,0,0,0,0,1,1,0,0,0,0,1,0,0,0,0,1,0
1,1,0,1,1,1,1,1,0,0,1,0,1,0,0,0,1,0,1,0,1,0,0,1,0
1,1,1,1,1,1,0,1,1,0,1,0,1,1,0,0,0,0,1,0,1,0,0,1,1
1,1,0,1,1,0,0,0,0,0,0,0,0,0,0,0,1,0,1,0,0,0,1,0,1
0,1,0,0,0,1,0,1,1,0,0,0,0,0,1,0,1,1,1,0,0,0,1,0,0
1,1,0,0,0,0,0,1,1,0,0,0,0,1,0,0,0,0,1,0,1,0,0,0,1
NA,NA,NA,NA,NA,NA,NA,NA,NA,NA,NA,NA,NA,NA,NA,NA,NA,NA,NA,NA,NA,NA,NA,NA,NA
1,1,1,1,1,1,1,1,0,0,1,1,1,0,0,1,1,1,1,0,0,1,0,1,1
0,1,0,1,0,1,1,1,0,0,0,0,1,1,0,0,1,1,1,0,1,0,0,1,0
1,1,0,1,1,1,1,1,1,0,1,1,1,1,1,1,0,1,1,0,0,0,1,1,0
0,1,1,1,1,1,0,0,1,0,0,0,1,1,0,1,0,1,1,0,1,0,0,0,1
1,1,1,0,1,1,1,1,1,1,1,1,1,1,0,1,1,0,1,1,1,1,1,1,1
NA,NA,NA,NA,NA,NA,NA,NA,NA,NA,NA,NA,NA,NA,NA,NA,NA,NA,NA,NA,NA,NA,NA,NA,NA
1,1,0,1,0,1,1,1,1,1,0,0,1,0,0,1,0,0,1,0,1,0,0,1,1
1,1,1,1,1,1,0,1,1,0,1,0,0,1,0,1,1,1,1,0,1,0,0,0,1
NA,NA,NA,NA,NA,NA,NA,NA,NA,NA,NA,NA,NA,NA,NA,NA,NA,NA,NA,NA,NA,NA,NA,NA,NA
1,1,1,1,1,1,1,1,1,1,1,1,1,1,0,1,1,1,1,1,1,1,1,1,1
NA,NA,NA,NA,NA,NA,NA,NA,NA,NA,NA,NA,NA,NA,NA,NA,NA,NA,NA,NA,NA,NA,NA,NA,NA
0,0,0,0,1,0,0,1,1,0,1,0,1,0,0,0,0,0,1,0,0,0,0,0,1
1,1,0,1,0,0,1,1,1,0,1,0,1,1,1,1,1,1,1,0,1,0,0,0,1
1,1,1,1,1,1,1,1,1,0,1,1,1,1,1,1,1,1,1,0,1,1,0,1,1
NA,NA,NA,NA,NA,NA,NA,NA,NA,NA,NA,NA,NA,NA,NA,NA,NA,NA,NA,NA,NA,NA,NA,NA,NA
1,1,0,1,1,1,1,1,1,0,1,1,1,1,0,1,1,0,1,0,1,1,1,1,1
1,1,1,1,1,0,0,1,0,0,1,1,0,0,0,1,0,0,0,1,0,0,0,0,0
1,1,0,0,1,0,0,1,1,0,0,0,0,1,0,0,1,0,0,1,1,1,0,NA,1
0,1,0,1,1,1,0,0,0,0,0,0,0,0,0,1,0,0,1,1,0,1,0,0,1
1,1,0,1,1,1,1,1,1,1,1,1,1,1,0,1,1,1,1,0,1,0,0,1,0
1,1,0,0,0,0,0,1,0,0,0,0,0,0,0,0,0,0,1,0,0,0,0,0,0
1,1,0,1,0,1,1,1,0,1,0,1,1,1,1,1,0,0,1,0,0,0,0,1,1
1,1,0,1,1,1,1,1,0,0,1,0,1,1,0,0,1,0,1,0,1,0,1,1,0
1,1,0,0,1,1,0,1,0,0,0,0,0,1,0,1,0,0,1,0,0,0,0,0,1
NA,NA,NA,NA,NA,NA,NA,NA,NA,NA,NA,NA,NA,NA,NA,NA,NA,NA,NA,NA,NA,NA,NA,NA,NA
1,1,1,1,1,1,1,1,1,0,0,0,1,1,1,1,1,1,1,0,1,1,0,1,1
1,1,0,1,1,1,0,1,0,0,0,0,1,1,1,0,1,0,1,0,1,0,1,1,1
1,1,1,0,0,1,1,1,0,0,1,1,1,1,1,1,0,0,1,0,0,0,1,1,1
0,0,0,1,0,0,1,1,0,0,0,0,0,0,0,0,0,0,1,0,0,0,0,0,1
0,0,1,0,1,0,1,1,0,0,1,1,1,0,0,1,0,0,1,0,0,0,0,1,1
NA,NA,NA,NA,NA,NA,NA,NA,NA,NA,NA,NA,NA,NA,NA,NA,NA,NA,NA,NA,NA,NA,NA,NA,NA
NA,NA,NA,NA,NA,NA,NA,NA,NA,NA,NA,NA,NA,NA,NA,NA,NA,NA,NA,NA,NA,NA,NA,NA,NA
0,1,0,1,1,0,0,1,0,1,0,0,0,0,1,0,0,0,1,0,0,0,0,1,0
1,1,0,1,1,1,1,1,1,1,1,1,1,1,0,1,1,1,1,1,1,1,1,1,1
1,1,1,1,1,1,1,1,1,1,1,0,1,1,0,1,1,1,1,0,1,0,0,1,1
0,1,0,1,0,1,1,1,1,0,0,0,0,0,1,0,0,0,1,0,1,0,0,1,0
1,1,1,1,1,1,1,1,1,1,1,0,1,1,1,0,1,1,1,0,1,1,0,1,1
0,1,0,1,0,1,0,1,1,0,0,1,0,1,1,0,1,1,1,0,0,1,0,0,1
1,1,0,1,1,1,1,1,1,0,0,1,1,1,0,0,1,1,1,0,1,0,1,0,0
0,0,1,0,1,1,0,1,0,0,1,0,1,1,0,0,1,0,1,0,1,0,0,0,0
1,1,1,1,1,1,1,1,1,1,1,1,1,0,0,1,1,1,1,0,1,1,0,0,0
0,0,0,0,0,1,1,0,1,1,0,0,0,0,0,0,0,0,0,0,0,0,0,0,1
1,1,0,1,1,1,1,1,1,0,0,1,0,0,0,0,0,1,0,0,0,0,0,0,0
1,1,1,1,1,0,1,1,0,1,1,0,0,0,0,0,1,0,0,0,0,0,0,0,0
NA,NA,NA,NA,NA,NA,NA,NA,NA,NA,NA,NA,NA,NA,NA,NA,NA,NA,NA,NA,NA,NA,NA,NA,NA
1,1,0,1,1,1,0,1,1,0,1,0,1,1,0,1,0,0,1,0,0,1,0,0,0
0,1,0,0,0,1,1,1,0,0,0,0,0,1,0,0,0,0,1,0,1,0,0,0,0
1,1,0,0,1,1,1,1,1,0,0,0,1,0,1,0,1,0,1,1,1,0,0,0,1
0,1,0,0,1,0,0,1,0,0,NA,1,0,0,0,1,0,0,1,1,0,0,0,0,0
0,1,0,1,0,0,0,0,1,0,0,1,1,0,0,0,0,1,1,0,1,0,0,1,0
0,1,1,1,NA,0,1,1,1,0,0,0,0,0,0,0,0,NA,1,0,0,0,0,0,1
1,1,1,1,1,1,1,1,1,1,1,1,1,1,1,1,1,1,1,0,1,1,1,1,1
1,1,0,1,1,1,1,1,0,1,1,1,1,0,0,1,1,1,1,0,1,1,0,1,1
1,1,1,1,1,1,1,1,1,1,0,1,1,1,0,1,0,0,1,0,1,0,1,0,1
1,1,1,1,1,1,1,1,1,0,1,1,0,1,1,1,1,1,1,0,0,0,1,1,1
1,1,1,1,1,1,1,1,1,0,0,0,1,0,1,0,0,0,1,0,1,0,1,0,1
1,1,1,1,1,1,1,1,1,0,0,1,1,1,1,1,0,0,1,0,1,0,0,1,1
0,1,1,1,0,0,1,0,0,0,0,0,1,1,0,1,0,1,1,0,0,0,0,0,1
NA,NA,NA,NA,NA,NA,NA,NA,NA,NA,NA,NA,NA,NA,NA,NA,NA,NA,NA,NA,NA,NA,NA,NA,NA
1,1,1,1,0,0,1,0,0,0,1,1,1,1,0,0,1,0,0,0,0,0,0,0,1
1,1,0,0,1,1,0,1,0,0,1,0,0,1,0,1,1,0,1,0,0,0,0,1,0
1,1,0,1,1,1,1,1,0,0,1,1,1,1,1,1,1,0,1,1,1,0,0,1,1
0,1,0,0,0,0,1,1,1,1,0,1,1,0,0,1,1,0,1,0,0,0,0,0,1
1,1,1,1,1,1,1,1,1,1,1,0,1,1,0,0,1,0,1,0,0,1,1,1,1
0,0,0,1,1,1,0,0,1,0,0,0,1,1,1,0,1,0,1,0,1,0,0,1,1
NA,NA,NA,NA,NA,NA,NA,NA,NA,NA,NA,NA,NA,NA,NA,NA,NA,NA,NA,NA,NA,NA,NA,NA,NA
1,1,0,0,1,1,0,1,0,0,0,0,0,0,0,0,0,0,1,0,0,0,1,1,1
0,1,0,1,0,1,1,1,0,0,1,1,1,0,1,0,0,0,1,0,1,1,0,1,1
1,1,1,0,1,1,1,0,1,0,0,0,0,0,0,0,1,0,1,1,0,0,0,0,0
0,1,0,0,0,1,1,1,0,0,1,0,1,0,1,0,1,1,1,0,0,0,0,0,0
1,1,1,1,1,0,1,1,1,0,0,1,1,0,1,1,1,0,0,0,1,0,1,0,0
0,1,1,1,1,1,1,1,1,1,0,0,1,1,1,0,1,0,0,0,0,0,0,1,1
1,0,1,0,1,0,1,1,0,0,1,0,1,1,1,1,1,0,1,0,0,0,0,0,1
1,1,1,0,1,1,1,0,0,0,0,1,0,0,1,1,0,0,1,0,1,0,0,0,1
NA,NA,NA,NA,NA,NA,NA,NA,NA,NA,NA,NA,NA,NA,NA,NA,NA,NA,NA,NA,NA,NA,NA,NA,NA
1,1,0,1,0,1,1,1,1,1,0,1,1,1,1,1,0,1,1,0,1,1,1,1,1
1,1,0,1,1,1,1,1,1,0,1,0,1,0,1,1,1,0,1,0,0,0,0,1,0
